Alert;05:50:00;05:52:11
Active;05:52:11;05:59:50
Alert;05:59:50;06:00:22
QOP;06:00:22;06:11:26
Alert;06:11:26;06:13:00
QOP;06:13:00;06:53:53
REM-like;06:53:53;06:54:15
QOP;06:54:15;06:54:34
Alert;06:54:34;06:54:52
QOP;06:54:52;06:56:14
Alert;06:56:14;06:56:44
QOP;06:56:44;07:07:54
Active;07:07:54;07:08:18
Alert;07:08:18;07:10:40
Long SWS-like;07:10:40;07:33:30
Alert;07:33:30;07:37:10
QOP;07:37:10;07:42:22
Alert;07:42:22;07:46:25
Active;07:46:25;07:47:45
Alert;07:47:45;07:50:30
QOP;07:50:30;07:56:40
Alert;07:56:40;07:58:17
QOP;07:58:17;08:11:46
Active;08:11:46;08:12:40
Long SWS-like;08:12:40;08:21:48
REM-like;08:21:48;08:22:20
Alert;08:22:20;08:23:15
QOP;08:23:15;08:31:20
Active;08:31:20;08:34:20
QOP;08:34:20;08:48:42
Active;08:48:42;08:52:14
QOP;08:52:14;08:57:20
Alert;08:57:20;08:57:40
QOP;08:57:40;09:08:29
Alert;09:08:29;09:09:16
Active;09:09:16;09:11:58
Alert;09:11:58;09:14:40
QOP;09:14:40;09:30:42
Alert;09:30:42;09:34:00
QOP;09:34:00;09:43:39
REM-like;09:43:39;09:44:10
Alert;09:44:10;09:47:23
QOP;09:47:23;10:12:50
Alert;10:12:50;10:14:50
QHH;10:14:50;10:16:48
Alert;10:16:48;10:28:21
Active;10:28:21;10:29:19
Alert;10:29:19;10:44:17
QHH;10:44:17;10:44:38
Active;10:44:38;11:55:03
Alert;11:55:03;12:05:57
QOP;12:05:57;12:06:16
Alert;12:06:16;12:13:00
QOP;12:13:00;12:14:08
OEM;12:14:08;12:14:13
Alert;12:14:13;12:14:37
REM-like;12:14:37;12:15:43
QOP;12:15:43;12:19:27
Alert;12:19:27;12:32:18
Active;12:32:18;12:33:00
Alert;12:33:00;12:38:00
Active;12:38:00;13:35:00
QOP;13:35:00;14:52:30
Alert;14:52:30;17:41:12
Short SWS-like;17:41:12;17:41:29
Alert;17:41:29;17:43:55
Active;17:43:55;17:44:42
Alert;17:44:42;17:46:00
QOP;17:46:00;17:47:50
QHH;17:47:50;17:48:03
Alert;17:48:03;17:49:38
QOP;17:49:38;17:49:54
Alert;17:49:54;17:50:00
Alert;05:50:00;05:51:00
Active;05:51:00;05:51:30
Alert;05:51:30;05:57:06
Active;05:57:06;06:04:32
QOP;06:04:32;06:13:26
Active;06:13:26;06:18:50
QOP;06:18:50;06:21:59
Alert;06:21:59;06:22:50
QOP;06:22:50;06:25:00
Long SWS-like;06:25:00;06:44:49
Active;06:44:49;06:52:40
Alert;06:52:40;06:57:50
QOP;06:57:50;07:07:16
Short SWS-like;07:07:16;07:12:40
Active;07:12:40;07:15:40
Alert;07:15:40;07:18:20
Active;07:18:20;07:19:00
Long SWS-like;07:19:00;07:52:10
REM-like;07:52:10;07:52:35
Short SWS-like;07:52:35;07:52:37
Alert;07:52:37;07:52:59
QOP;07:52:59;08:00:20
Alert;08:00:20;08:06:00
Active;08:06:00;08:10:55
Long SWS-like;08:10:55;08:46:48
REM-like;08:46:48;08:47:10
Short SWS-like;08:47:10;08:47:20
Alert;08:47:20;08:47:50
Long SWS-like;08:47:50;09:15:51
Alert;09:15:51;09:20:32
QHH;09:20:32;09:20:44
Alert;09:20:44;09:23:00
Active;09:23:00;09:24:50
Alert;09:24:50;09:27:00
Active;09:27:00;09:29:00
QOP;09:29:00;09:37:30
Alert;09:37:30;09:38:40
QOP;09:38:40;09:39:19
QHH;09:39:19;09:39:35
QOP;09:39:35;09:56:45
Alert;09:56:45;09:58:00
Long SWS-like;09:58:00;10:05:19
REM-like;10:05:19;10:05:58
Alert;10:05:58;10:06:13
QOP;10:06:13;10:11:25
QHH;10:11:25;10:11:41
QOP;10:11:41;10:13:04
QHH;10:13:04;10:13:23
Alert;10:13:23;10:14:40
QOP;10:14:40;10:17:58
Alert;10:17:58;10:18:38
Active;10:18:38;10:22:30
QOP;10:22:30;10:24:09
QHH;10:24:09;10:24:25
QOP;10:24:25;10:25:17
QHH;10:25:17;10:25:39
QOP;10:25:39;10:27:34
Alert;10:27:34;10:28:00
Active;10:28:00;10:28:10
Alert;10:28:10;10:31:30
QOP;10:31:30;10:34:25
Active;10:34:25;10:37:20
Long SWS-like;10:37:20;10:48:37
Alert;10:48:37;10:50:55
Long SWS-like;10:50:55;11:21:40
REM-like;11:21:40;11:22:00
Short SWS-like;11:22:00;11:22:05
Alert;11:22:05;11:23:00
QOP;11:23:00;11:26:41
QHH;11:26:41;11:26:48
Active;11:26:48;11:34:46
Alert;11:34:46;11:40:00
QOP;11:40:00;11:44:43
Alert;11:44:43;12:05:21
Active;12:05:21;12:06:00
Alert;12:06:00;12:29:31
QHH;12:29:31;12:29:39
Alert;12:29:39;12:55:16
QHH;12:55:16;12:55:51
Alert;12:55:51;12:55:57
Active;12:55:57;13:17:20
Alert;13:17:20;13:49:15
Active;13:49:15;13:55:12
Alert;13:55:12;13:55:25
QHH;13:55:25;13:55:32
Alert;13:55:32;13:56:32
QOP;13:56:32;13:57:37
QHH;13:57:37;13:57:45
QOP;13:57:45;13:58:38
QHH;13:58:38;13:59:00
QOP;13:59:00;14:31:30
Alert;14:31:30;14:34:00
QOP;14:34:00;14:39:27
Alert;14:39:27;14:58:00
QOP;14:58:00;15:08:20
Alert;15:08:20;15:09:20
QOP;15:09:20;15:15:24
Alert;15:15:24;15:21:00
QOP;15:21:00;15:41:37
QHH;15:41:37;15:41:49
QOP;15:41:49;15:42:51
QHH;15:42:51;15:42:54
QOP;15:42:54;15:54:28
REM-like;15:54:28;15:55:20
Alert;15:55:20;16:38:00
QOP;16:38:00;16:40:00
Alert;16:40:00;16:44:17
QHH;16:44:17;16:44:31
QOP;16:44:31;16:49:45
Short SWS-like;16:49:45;16:50:16
QOP;16:50:16;16:56:10
Alert;16:56:10;17:02:00
QOP;17:02:00;17:05:43
REM-like;17:05:43;17:06:18
Alert;17:06:18;17:08:00
QOP;17:08:00;17:18:55
Alert;17:18:55;17:30:41
QOP;17:30:41;17:32:18
QHH;17:32:18;17:32:43
Alert;17:32:43;17:36:00
QOP;17:36:00;17:50:00
QOP;05:50:00;05:52:05
Active;05:52:05;05:53:15
Alert;05:53:15;05:54:50
Active;05:54:50;05:57:45
QOP;05:57:45;06:02:57
Alert;06:02:57;06:03:30
QOP;06:03:30;06:07:25
Alert;06:07:25;06:08:35
Long SWS-like;06:08:35;06:49:45
REM-like;06:49:45;06:50:09
Alert;06:50:09;06:50:45
Long SWS-like;06:50:45;07:41:27
QOP;07:41:27;07:42:11
Alert;07:42:11;07:46:30
QHH;07:46:30;07:47:04
Alert;07:47:04;07:49:49
QHH;07:49:49;07:49:59
QOP;07:49:59;07:57:21
QHH;07:57:21;07:57:45
QOP;07:57:45;07:58:15
QHH;07:58:15;08:08:26
Alert;08:08:26;08:10:00
Short SWS-like;08:10:00;08:13:58
Alert;08:13:58;08:14:22
Long SWS-like;08:14:22;08:29:26
REM-like;08:29:26;08:29:43
Alert;08:29:43;08:30:47
QOP;08:30:47;08:40:48
Alert;08:40:48;08:41:06
QOP;08:41:06;08:46:25
QHH;08:46:25;08:46:39
Alert;08:46:39;08:47:30
QOP;08:47:30;08:54:29
Alert;08:54:29;08:56:30
Short SWS-like;08:56:30;09:01:06
Alert;09:01:06;09:02:00
Long SWS-like;09:02:00;09:24:58
REM-like;09:24:58;09:25:25
Alert;09:25:25;09:26:50
Long SWS-like;09:26:50;09:42:36
Alert;09:42:36;09:45:10
QOP;09:45:10;09:51:06
Active;09:51:06;09:51:45
Alert;09:51:45;09:55:00
Active;09:55:00;09:57:18
Alert;09:57:18;09:59:00
Long SWS-like;09:59:00;10:14:02
Alert;10:14:02;10:17:56
Short SWS-like;10:17:56;10:23:45
Alert;10:23:45;10:26:15
Short SWS-like;10:26:15;10:26:40
Alert;10:26:40;10:26:54
REM-like;10:26:54;10:27:29
Alert;10:27:29;10:27:40
Long SWS-like;10:27:40;10:47:30
Alert;10:47:30;10:57:58
Active;10:57:58;10:58:56
Alert;10:58:56;11:02:00
Active;11:02:00;11:18:43
QHH;11:18:43;11:19:10
Active;11:19:10;11:22:37
Alert;11:22:37;11:23:12
QHH;11:23:12;11:23:32
QOP;11:23:32;11:28:10
Alert;11:28:10;11:29:30
QOP;11:29:30;11:30:27
QHH;11:30:27;11:30:30
Short SWS-like;11:30:30;11:30:43
QOP;11:30:43;11:35:53
Alert;11:35:53;11:43:01
QOP;11:43:01;11:55:56
Alert;11:55:56;13:24:48
QHH;13:24:48;13:24:55
Alert;13:24:55;13:27:00
QHH;13:27:00;13:27:21
Alert;13:27:21;13:36:19
Active;13:36:19;13:39:10
QHH;13:39:10;13:39:37
QOP;13:39:37;13:42:17
Active;13:42:17;13:47:11
Alert;13:47:11;13:52:44
Active;13:52:44;13:54:30
QOP;13:54:30;14:01:28
Alert;14:01:28;14:04:20
QOP;14:04:20;14:06:11
Alert;14:06:11;14:10:10
QOP;14:10:10;14:21:44
Alert;14:21:44;15:11:26
Long SWS-like;15:11:26;15:49:46
REM-like;15:49:46;15:50:17
Alert;15:50:17;15:56:00
Long SWS-like;15:56:00;16:11:12
Alert;16:11:12;16:12:35
Active;16:12:35;16:15:50
Alert;16:15:50;16:18:38
Long SWS-like;16:18:38;16:29:38
Alert;16:29:38;16:36:25
Active;16:36:25;16:38:00
Alert;05:50:00;05:42:29
Active;05:42:29;05:54:07
Alert;05:54:07;05:57:09
Active;05:57:09;05:58:15
Alert;05:58:15;06:02:05
QOP;06:02:05;06:09:26
Active;06:09:26;06:10:55
Alert;06:10:55;06:11:23
Active;06:11:23;06:11:51
Alert;06:11:51;06:24:15
QOP;06:24:15;06:39:21
Alert;06:39:21;06:39:58
QOP;06:39:58;06:41:02
Alert;06:41:02;06:41:56
QOP;06:41:56;06:46:26
Active;06:46:26;06:48:50
QOP;06:48:50;06:53:05
Alert;06:53:05;06:54:18
QOP;06:54:18;07:41:05
Long SWS-like;07:41:05;08:00:40
Alert;08:00:40;08:04:50
QOP;08:04:50;08:05:42
QHH;08:05:42;08:06:19
QOP;08:06:19;08:06:51
QHH;08:06:51;08:06:59
QOP;08:06:59;08:15:03
Alert;08:15:03;08:20:38
QOP;08:20:38;08:40:25
Alert;08:40:25;08:41:04
REM-like;08:41:04;08:49:32
Long SWS-like;08:49:32;09:42:01
REM-like;09:42:01;09:42:35
Long SWS-like;09:42:35;09:50:01
Alert;09:50:01;09:52:15
Active;09:52:15;09:54:42
QOP;09:54:42;09:55:00
QHH;09:55:00;09:55:18
QOP;09:55:18;10:02:37
Alert;10:02:37;10:04:11
Long SWS-like;10:04:11;10:38:38
REM-like;10:38:38;10:39:16
QOP;10:39:16;10:39:36
Alert;10:39:36;10:39:58
Long SWS-like;10:39:58;10:53:29
Alert;10:53:29;10:56:49
QOP;10:56:49;11:08:37
Active;11:08:37;11:11:26
QOP;11:11:26;11:35:13
Alert;11:35:13;12:16:04
Alert;05:50:00;05:53:25
QOP;05:53:25;05:55:27
Active;05:55:27;05:59:12
Alert;05:59:12;06:00:50
Active;06:00:50;06:02:18
Alert;06:02:18;06:05:27
Active;06:05:27;06:16:11
Alert;06:16:11;06:22:57
Active;06:22:57;06:26:53
Alert;06:26:53;06:28:46
QOP;06:28:46;06:28:59
QHH;06:28:59;06:29:11
QOP;06:29:11;06:29:26
Alert;06:29:26;06:30:07
QOP;06:30:07;06:33:01
Alert;06:33:01;06:34:47
QOP;06:34:47;06:37:22
Alert;06:37:22;06:38:14
QOP;06:38:14;06:40:54
Alert;06:40:54;06:42:32
QOP;06:42:32;06:45:54
Alert;06:45:54;06:46:20
QOP;06:46:20;06:50:01
QHH;06:50:01;06:50:13
QOP;06:50:13;06:52:07
Alert;06:52:07;06:54:01
QOP;06:54:01;07:05:11
Alert;07:05:11;07:05:16
QOP;07:05:16;07:07:05
QHH;07:07:05;07:07:24
QCP;07:07:24;07:11:53
REM-like;07:11:53;07:12:12
QOP;07:12:12;07:12:20
Alert;07:12:20;07:12:34
QCP;07:12:34;07:33:02
REM-like;07:33:02;07:33:35
Alert;07:33:35;07:36:15
QOP;07:36:15;07:37:03
QHH;07:37:03;07:37:12
Alert;07:28:32;07:39:30
Active;07:39:30;07:42:00
Alert;07:42:00;07:53:34
Active;07:53:34;07:55:57
Alert;07:55:57;08:06:40
Active;08:06:40;08:09:18
Alert;08:09:18;08:15:41
Active;08:15:41;08:17:00
Alert;08:17:00;08:28:16
Active;08:28:16;08:45:54
Alert;08:45:54;09:01:03
Active;09:01:03;09:20:07
Alert;09:20:07;09:25:18
Active;09:25:18;09:28:31
Alert;09:28:31;09:36:50
Active;09:36:50;09:37:36
Alert;09:37:36;09:42:00
QOP;09:42:00;09:44:00
Alert;09:44:00;09:46:46
Active;09:46:46;09:48:40
Alert;09:48:40;09:50:18
QHH;09:50:18;09:50:29
Alert;09:50:29;09:52:59
QOP;09:52:59;09:53:33
QHH;09:53:33;09:53:50
QOP;09:53:50;09:55:31
Alert;09:55:31;09:55:38
Active;09:55:38;10:07:20
QOP;10:07:20;10:10:56
Active;10:10:56;10:15:20
QOP;10:15:20;10:20:57
QHH;10:20:57;10:21:06
QOP;10:21:06;10:24:08
QHH;10:24:08;10:24:27
QOP;10:24:27;10:24:54
QHH;10:24:54;10:25:15
QOP;10:25:15;10:27:36
Alert;10:27:36;10:29:00
Active;10:29:00;10:32:59
Alert;10:32:59;10:35:15
Active;10:35:15;10:38:20
Alert;10:38:20;10:44:22
Active;10:44:22;10:50:08
Alert;10:50:08;10:54:29
Active;10:54:29;10:58:00
Alert;10:58:00;11:04:44
QHH;11:04:44;11:05:00
QCP;11:05:00;11:19:50
Alert;11:19:50;11:26:13
QOP;11:26:13;11:28:01
QHH;11:28:01;11:28:11
QCP;11:28:11;11:38:02
Alert;11:38:02;11:40:33
Active;11:40:33;11:40:55
Alert;11:40:55;12:12:47
QHH;12:12:47;12:12:59
Alert;12:12:59;12:21:07
QHH;12:21:07;12:21:25
Alert;12:21:25;12:50:12
QHH;12:50:12;12:50:21
Alert;12:50:21;15:03:17
QOP;15:03:17;15:03:32
Alert;15:03:32;15:26:50
QOP;15:26:50;15:27:23
REM-like;15:27:23;15:27:46
Alert;15:27:46;15:48:24
QOP;15:48:24;15:49:42
QHH;15:49:42;15:49:49
Alert;15:49:49;15:56:24
QOP;15:56:24;15:56:46
QHH;15:56:46;15:57:07
Alert;15:57:07;16:04:37
QOP;16:04:37;16:07:05
Alert;16:07:05;16:14:07
QOP;16:14:07;16:15:22
QHH;16:15:22;16:15:30
QOP;16:15:30;16:19:36
Alert;16:19:36;16:25:04
Active;16:25:04;16:25:54
Alert;16:25:54;16:32:10
QCP;16:32:10;16:38:10
QHH;16:38:10;16:44:25
QCP;16:44:25;16:44:30
QOP;16:44:30;16:47:07
QCP;16:47:07;16:47:21
Alert;16:47:21;16:49:33
QCP;16:49:33;16:58:00
QHH;16:58:00;17:02:47
QCP;17:02:47;17:03:00
REM-like;17:03:00;17:06:47
QCP;17:06:47;17:07:18
Alert;17:07:18;17:07:51
QCP;17:07:51;17:19:46
Alert;17:19:46;17:48:07
QHH;17:48:07;17:48:25
Alert;17:48:25;17:50:00
Alert;05:50:00;05:51:50
Short SWS-like;05:51:50;05:53:18
QHH;05:53:18;05:53:24
Short SWS-like;05:53:24;05:53:38
OEM;05:53:38;05:55:36
Short SWS-like;05:55:36;05:57:14
Alert;05:57:14;06:03:05
QOP;06:03:05;06:04:13
QHH;06:04:13;06:04:24
Alert;06:04:24;06:08:18
QOP;06:08:18;06:11:58
Alert;06:11:58;06:35:45
QOP;06:35:45;06:37:24
QHH;06:37:24;06:37:28
QOP;06:37:28;06:38:23
QHH;06:38:23;06:38:26
Long SWS-like;06:38:26;06:54:08
REM-like;06:54:08;06:54:27
Alert;06:54:27;06:54:52
QOP;06:54:52;06:55:15
Long SWS-like;06:55:15;07:06:59
QHH;07:06:59;07:07:18
Long SWS-like;07:07:18;07:29:07
Alert;07:29:07;07:36:47
Long SWS-like;07:36:47;08:03:57
Alert;08:03:57;08:16:04
Long SWS-like;08:16:04;08:38:38
Alert;08:38:38;08:51:07
QOP;08:51:07;09:24:07
Alert;09:24:07;09:41:07
QOP;09:41:07;10:04:32
Alert;10:04:32;10:05:25
QOP;10:05:25;10:07:07
Alert;10:07:07;10:09:05
QOP;10:09:05;10:27:15
Short SWS-like;10:27:15;10:28:57
QHH;10:28:57;10:29:18
Long SWS-like;10:29:18;10:42:14
REM-like;10:42:14;10:43:10
Alert;10:43:10;10:43:41
Long SWS-like;10:43:41;11:04:12
Alert;11:04:12;11:06:05
Short SWS-like;11:06:05;11:09:07
Alert;11:09:07;11:16:15
QHH;11:16:15;11:16:23
Alert;11:16:23;11:35:42
QHH;11:35:42;11:35:58
Alert;11:35:58;11:46:41
QHH;11:46:41;11:46:55
QOP;11:46:55;11:47:09
QHH;11:47:09;11:47:36
Alert;11:47:36;13:17:32
QHH;13:17:32;13:17:53
Alert;13:17:53;14:11:14
QOP;14:11:14;14:13:40
QHH;14:13:40;14:13:51
QOP;14:13:51;14:30:14
Alert;14:30:14;14:42:12
QOP;14:42:12;14:46:26
Alert;14:46:26;14:56:51
QOP;14:56:51;14:57:16
Active;14:57:16;14:58:43
Alert;14:58:43;15:02:28
QOP;15:02:28;15:04:06
Alert;15:04:06;15:12:54
QOP;15:12:54;15:13:32
QHH;15:13:32;15:13:43
QOP;15:13:43;15:14:18
QHH;15:14:18;15:14:29
QOP;15:14:29;15:15:19
Alert;15:15:19;15:19:24
QHH;15:19:24;15:19:34
QOP;15:19:34;15:23:25
Alert;15:23:25;15:24:26
QOP;15:24:26;15:35:16
Alert;15:35:16;15:35:45
Short SWS-like;15:35:45;15:39:50
REM-like;15:39:50;15:40:13
Alert;15:40:13;15:40:55
Long SWS-like;15:40:55;16:00:00
REM-like;16:00:00;16:00:28
Alert;16:00:28;16:00:49
QOP;16:00:49;16:01:12
Alert;16:01:12;16:04:07
Short SWS-like;16:04:07;16:04:53
QHH;16:04:53;16:05:07
Alert;16:05:07;16:05:19
Short SWS-like;16:05:19;16:07:07
Alert;16:07:07;16:09:47
Short SWS-like;16:09:47;16:09:58
QHH;16:09:58;16:10:12
Short SWS-like;16:10:12;16:13:16
QHH;16:13:16;16:14:04
Short SWS-like;16:14:04;16:15:22
QHH;16:15:22;16:15:36
Short SWS-like;16:15:36;16:16:18
QHH;16:16:18;16:16:40
Long SWS-like;16:16:40;16:32:17
REM-like;16:32:17;16:32:40
Alert;16:32:40;16:32:59
Short SWS-like;16:32:59;16:34:02
Alert;16:34:02;16:44:32
Short SWS-like;16:44:32;16:46:31
QHH;16:46:31;16:46:43
Long SWS-like;16:46:43;16:56:33
Alert;16:56:33;17:06:10
QOP;17:06:10;17:07:25
Alert;17:07:25;17:12:21
QOP;05:50:00;06:05:51
Alert;06:05:51;06:09:55
QOP;06:09:55;06:20:21
Alert;06:20:21;06:21:36
Active;06:21:36;06:23:40
Alert;06:23:40;08:15:05
QOP;08:15:05;08:27:05
Alert;08:27:05;08:37:15
Active;08:37:15;08:38:19
Alert;08:38:19;09:21:05
QOP;09:21:05;09:37:04
Alert;09:37:04;09:40:01
QOP;09:40:01;09:45:12
REM-like;09:45:12;09:45:38
QOP;09:45:38;10:03:11
Alert;10:03:11;10:03:34
QOP;10:03:34;10:07:04
Alert;10:07:04;12:12:16
QOP;12:12:16;12:12:29
Alert;12:12:29;12:15:40
Active;12:15:40;12:16:11
Alert;12:16:11;12:27:00
Active;12:27:00;12:37:00
QOP;12:37:00;12:41:40
Active;12:41:40;12:42:30
Alert;12:42:30;12:44:30
QOP;12:44:30;12:48:25
Alert;12:48:25;12:50:35
QOP;12:50:35;12:53:30
Alert;12:53:30;12:55:00
QOP;12:55:00;13:01:30
Alert;13:01:30;13:04:00
QOP;13:04:00;13:24:14
REM-like;13:24:14;13:24:28
QOP;13:24:28;13:24:39
Alert;13:24:39;13:25:02
QOP;13:25:02;13:52:47
REM-like;13:52:47;13:53:05
Alert;13:53:05;13:53:43
QOP;13:53:43;14:07:16
Alert;14:07:16;14:12:37
QOP;14:12:37;14:14:46
Alert;14:14:46;14:16:58
QOP;14:16:58;14:25:01
Alert;14:25:01;14:25:15
QOP;14:25:15;14:36:12
Alert;14:36:12;14:38:11
QOP;14:38:11;14:45:07
Alert;14:45:07;14:46:54
QOP;14:46:54;14:57:25
REM-like;14:57:25;14:57:46
Alert;14:57:46;14:58:12
QOP;14:58:12;15:14:34
Alert;15:14:34;15:18:41
QOP;15:18:41;15:24:37
REM-like;15:24:37;15:24:56
Alert;15:24:56;15:26:14
QOP;15:26:14;15:31:49
Alert;15:31:49;15:39:34
QOP;15:39:34;15:57:40
Alert;15:57:40;16:00:38
QOP;16:00:38;16:14:40
Alert;16:14:40;16:15:40
QOP;16:15:40;16:33:40
Alert;16:33:40;16:35:40
QOP;16:35:40;16:52:12
REM-like;16:52:12;16:52:33
QOP;16:52:33;16:56:32
Alert;16:56:32;16:57:58
Alert;05:50:00;05:53:25
Active;05:53:25;06:00:05
Alert;06:00:05;06:06:58
QOP;06:06:58;06:11:10
Alert;06:11:10;06:15:10
Active;06:15:10;06:17:10
QOP;06:17:10;06:21:55
Alert;06:21:55;06:30:55
QOP;06:30:55;06:40:17
Alert;06:40:17;06:47:10
QOP;06:47:10;07:21:10
Alert;07:21:10;07:33:10
QOP;07:33:10;07:45:41
Alert;07:45:41;08:00:00
Active;08:00:00;08:15:10
Alert;08:15:10;08:19:10
Active;08:19:10;08:26:10
Alert;08:26:10;08:28:29
Active;08:28:29;08:30:00
Alert;08:30:00;08:44:30
Active;08:44:30;08:45:40
Alert;08:45:40;08:49:10
Active;08:49:10;08:55:10
Alert;08:55:10;09:02:04
Active;09:02:04;09:04:52
Alert;09:04:52;09:10:00
QOP;09:10:00;09:37:55
REM-like;09:37:55;09:38:15
Alert;09:38:15;09:39:07
QOP;09:39:07;10:00:40
REM-like;10:00:40;10:01:20
Alert;10:01:20;10:09:30
QOP;10:09:30;10:31:45
Alert;10:31:45;10:32:35
QOP;10:32:35;10:45:16
Alert;10:45:16;10:46:53
QOP;10:46:53;11:20:43
Alert;11:20:43;11:22:56
QHH;11:22:56;11:22:58
QOP;11:22:58;11:23:59
Alert;11:23:59;11:25:37
QHH;11:25:37;11:25:44
Short SWS-like;11:25:44;11:26:49
QHH;11:26:49;11:27:00
Short SWS-like;11:27:00;11:29:30
QHH;11:29:30;11:29:47
Short SWS-like;11:29:47;11:34:23
Alert;11:34:23;11:35:50
Active;11:35:50;11:36:23
Alert;11:36:23;11:42:40
QHH;11:42:40;11:42:53
Alert;11:42:53;12:43:16
QHH;12:43:16;12:43:34
Alert;12:43:34;12:50:04
QHH;12:50:04;12:50:21
Alert;12:50:21;12:56:29
QHH;12:56:29;12:56:45
Alert;12:56:45;13:48:19
Active;13:48:19;13:48:59
Alert;13:48:59;13:57:59
QHH;13:57:59;13:58:06
Alert;13:58:06;14:00:01
QHH;14:00:01;14:00:22
Alert;14:00:22;13:09:42
Active;13:09:42;14:09:59
Alert;14:09:59;14:12:01
QHH;14:12:01;14:12:06
Active;14:12:06;14:13:27
Alert;14:13:27;14:18:51
Active;14:18:51;14:19:52
QOP;14:19:52;14:23:05
Alert;14:23:05;14:38:22
QOP;14:38:22;14:38:49
QHH;14:38:49;14:39:01
QOP;14:39:01;14:39:53
QHH;14:39:53;14:40:05
QOP;14:40:05;14:42:16
Long SWS-like;14:42:16;14:49:37
QHH;14:49:37;14:49:44
Short SWS-like;14:49:44;14:51:45
QHH;14:51:45;14:51:50
Short SWS-like;14:51:50;14:54:06
QHH;14:54:06;14:54:21
Long SWS-like;14:54:21;15:09:17
REM-like;15:09:17;15:09:40
Alert;15:09:40;15:10:23
Long SWS-like;15:10:23;15:16:53
QHH;15:16:53;15:17:10
Short SWS-like;15:17:10;15:17:55
QHH;15:17:55;15:19:09
Long SWS-like;15:19:09;15:37:03
QHH;15:37:03;15:37:13
Short SWS-like;15:37:13;15:42:54
REM-like;15:42:54;15:43:14
Alert;15:43:14;15:43:44
Long SWS-like;15:43:44;15:55:58
QHH;15:55:58;15:56:02
Short SWS-like;15:56:02;15:59:56
QHH;15:59:56;16:00:14
Long SWS-like;16:00:14;16:07:25
QHH;16:07:25;16:07:39
Short SWS-like;16:07:39;16:13:24
REM-like;16:13:24;16:13:47
Alert;16:13:47;16:14:14
Short SWS-like;16:14:14;16:17:05
Alert;16:17:05;16:17:53
Long SWS-like;16:17:53;16:39:07
Alert;16:39:07;16:40:56
Short SWS-like;16:40:56;16:43:29
REM-like;16:43:29;16:43:55
Alert;16:43:55;16:44:40
Short SWS-like;16:44:40;16:49:24
QHH;16:49:24;16:49:33
Long SWS-like;16:49:33;16:56:11
QHH;16:56:11;16:56:29
Short SWS-like;16:56:29;17:00:23
QHH;17:00:23;17:00:35
Short SWS-like;17:00:35;17:03:18
Alert;17:03:18;17:11:46
QHH;17:11:46;17:11:52
QHH;17:11:52;17:11:57
Alert;17:11:57;17:13:31
Short SWS-like;17:13:31;17:14:11
QHH;17:14:11;17:14:20
Alert;17:14:20;17:26:01
QOP;17:26:01;17:27:04
QHH;17:27:04;17:27:24
QOP;17:27:24;17:32:16
Alert;17:32:16;17:38:01
Long SWS-like;17:38:01;17:45:03
Alert;17:45:03;17:53:25
Alert;05:50:00;06:08:33
QHH;06:08:33;06:08:40
QOP;06:08:40;06:08:55
QHH;06:08:55;06:09:05
QOP;06:09:05;06:10:38
QHH;06:10:38;06:10:53
QOP;06:10:53;06:13:35
Alert;06:13:35;06:14:17
QOP;06:14:17;06:17:53
QHH;06:17:53;06:17:57
QOP;06:17:57;06:18:28
Alert;06:18:28;06:19:50
QOP;06:19:50;06:21:15
Alert;06:21:15;06:21:19
QOP;06:21:19;06:21:52
QHH;06:21:52;06:21:59
Alert;06:21:59;06:22:17
QOP;06:22:17;06:33:13
REM-like;06:33:13;06:33:34
Alert;06:33:34;06:34:00
QOP;06:34:00;06:36:22
QHH;06:36:22;06:36:29
QOP;06:36:29;06:59:23
Long SWS-like;06:59:23;07:06:11
REM-like;07:06:11;07:06:50
Alert;07:06:50;07:07:50
Long SWS-like;07:07:50;07:38:48
REM-like;07:38:48;07:39:29
QOP;07:39:29;07:40:01
Alert;07:40:01;07:41:20
QOP;07:41:20;07:54:09
QHH;07:54:09;07:54:16
Long SWS-like;07:54:16;08:18:06
REM-like;08:18:06;08:18:57
QOP;08:18:57;08:19:02
Alert;08:19:02;08:25:00
QOP;08:25:00;08:35:37
Active;08:35:37;08:39:24
Alert;08:39:24;08:41:15
QHH;08:41:15;08:41:22
Alert;08:41:22;08:43:20
QHH;08:43:20;08:43:26
QOP;08:43:26;08:43:31
QHH;08:43:31;08:43:37
QOP;08:43:37;08:43:52
QHH;08:43:52;08:43:55
QOP;08:43:55;08:45:30
QHH;08:45:30;08:45:55
Alert;08:45:55;08:48:48
QOP;08:48:48;08:49:49
QHH;08:49:49;08:50:11
Alert;08:50:11;08:57:00
Long SWS-like;08:57:00;09:09:21
REM-like;09:09:21;09:10:07
Alert;09:10:07;09:12:00
QOP;09:12:00;09:17:21
QHH;09:17:21;09:17:33
Long SWS-like;09:17:33;09:44:13
REM-like;09:44:13;09:44:58
Alert;09:44:58;09:45:34
QOP;09:45:34;09:48:23
QHH;09:48:23;09:48:38
QOP;09:48:38;09:50:43
QHH;09:50:43;09:50:59
Long SWS-like;09:50:59;10:17:54
REM-like;10:17:54;10:18:45
Alert;10:18:45;10:19:20
QOP;10:19:20;10:26:20
QHH;10:26:20;10:26:27
QOP;10:26:27;10:53:21
QHH;10:53:21;10:53:32
Short SWS-like;10:53:32;10:54:14
REM-like;10:54:14;10:55:03
Alert;10:55:03;10:55:22
QOP;10:55:22;11:22:07
QHH;11:22:07;11:22:19
QOP;11:22:19;11:22:59
QHH;11:22:59;11:23:05
Long SWS-like;11:23:05;11:29:06
REM-like;11:29:06;11:30:24
Alert;11:30:24;11:31:05
QOP;11:31:05;11:31:58
Alert;11:31:58;11:38:54
QHH;11:38:54;11:39:21
Alert;11:39:21;11:40:23
QHH;11:40:23;11:40:41
Alert;11:40:41;11:42:00
QOP;11:42:00;11:42:31
QHH;11:42:31;11:42:40
Alert;11:42:40;11:47:30
Active;11:47:30;11:49:30
Alert;11:49:30;11:54:35
Active;11:54:35;11:58:13
Alert;11:58:13;12:00:40
Active;12:00:40;12:13:14
Alert;12:13:14;12:16:00
Active;12:16:00;12:20:40
Alert;12:20:40;12:24:19
QHH;12:24:19;12:24:24
QOP;12:24:24;12:26:32
Active;12:26:32;12:28:08
Alert;12:28:08;12:41:31
QHH;12:41:31;12:41:32
Alert;12:41:32;12:41:41
QHH;12:41:41;12:41:49
Alert;12:41:49;12:51:08
QHH;12:51:08;12:51:28
Alert;12:51:28;13:02:25
QHH;13:02:25;13:02:35
Alert;13:02:35;13:32:32
QHH;13:32:32;13:32:49
Alert;13:32:49;14:37:59
QHH;14:37:59;14:38:13
Alert;14:38:13;14:38:46
QHH;14:38:46;14:38:48
Alert;14:38:48;14:40:07
QHH;14:40:07;14:40:23
QOP;14:40:23;14:44:26
QHH;14:44:26;14:44:31
QOP;14:44:31;14:53:22
QHH;14:53:22;14:53:24
QOP;14:53:24;15:09:04
QHH;15:09:04;15:09:10
Short SWS-like;15:09:10;15:14:01
REM-like;15:14:01;15:14:13
Short SWS-like;15:14:13;15:14:18
Alert;15:14:18;15:41:19
QHH;15:41:19;15:41:30
Alert;15:41:30;15:50:53
QHH;15:50:53;15:51:02
Alert;15:51:02;15:56:28
QHH;15:56:28;15:56:32
Alert;15:56:32;16:39:14
QHH;16:39:14;16:39:27
Alert;16:39:27;16:41:33
QHH;16:41:33;16:41:34
Alert;16:41:34;17:03:22
QHH;17:03:22;17:03:30
Alert;17:03:30;17:16:09
QHH;17:16:09;17:16:21
Alert;17:16:21;17:25:37
QHH;17:25:37;17:25:42
Alert;17:25:42;17:27:09
QHH;17:27:09;17:27:28
Alert;17:27:28;17:48:14
QHH;17:48:14;17:48:23
Alert;17:48:23;17:50:00
Alert;05:50:00;05:51:04
Active;05:51:04;05:54:45
Alert;05:54:45;05:57:04
QOP;05:57:04;06:00:17
QHH;06:00:17;06:00:24
QOP;06:00:24;06:01:07
QHH;06:01:07;06:01:19
QOP;06:01:19;06:04:05
QHH;06:04:05;06:04:09
QOP;06:04:09;06:04:33
Alert;06:04:33;06:06:03
QOP;06:06:03;06:06:24
QHH;06:06:24;06:06:27
QOP;06:06:27;06:06:57
QHH;06:06:57;06:06:59
QOP;06:06:59;06:07:45
QHH;06:07:45;06:07:48
QOP;06:07:48;06:07:49
QHH;06:07:49;06:08:07
QOP;06:08:07;06:11:11
QHH;06:11:11;06:11:15
QOP;06:11:15;06:15:30
QHH;06:15:30;06:15:34
Alert;06:15:34;06:17:54
QOP;06:17:54;06:25:35
REM-like;06:25:35;06:26:01
QOP;06:26:01;06:26:06
Alert;06:26:06;06:27:04
QOP;06:27:04;06:49:15
QHH;06:49:15;06:49:20
QOP;06:49:20;06:54:28
REM-like;06:54:28;06:55:09
Alert;06:55:09;06:56:02
QOP;06:56:02;06:57:06
Alert;06:57:06;07:01:21
QHH;07:01:21;07:01:25
QOP;07:01:25;07:02:19
QHH;07:02:19;07:02:29
QOP;07:02:29;07:02:52
QHH;07:02:52;07:03:09
QOP;07:03:09;07:04:14
QHH;07:04:14;07:04:16
QOP;07:04:16;07:05:31
QHH;07:05:31;07:05:32
QOP;07:05:32;07:06:45
OEM;07:06:45;07:07:18
Alert;07:07:18;07:11:14
QHH;07:11:14;07:11:18
QOP;07:11:18;07:11:53
QHH;07:11:53;07:12:05
Alert;07:12:05;07:14:05
QOP;07:14:05;07:19:03
Alert;07:19:03;07:20:24
QOP;07:20:24;07:23:44
QHH;07:23:44;07:23:58
QOP;07:23:58;07:28:17
Long SWS-like;07:28:17;07:35:49
REM-like;07:35:49;07:36:23
Alert;07:36:23;07:36:58
QOP;07:36:58;07:41:38
Long SWS-like;07:41:38;07:48:49
QHH;07:48:49;07:48:51
Long SWS-like;07:48:51;08:08:37
REM-like;08:08:37;08:09:20
QOP;08:09:20;08:09:30
Alert;08:09:30;08:16:04
QOP;08:16:04;08:22:59
QHH;08:22:59;08:23:10
QOP;08:23:10;08:28:50
QHH;08:28:50;08:29:01
QOP;08:29:01;08:29:50
QHH;08:29:50;08:29:54
Long SWS-like;08:29:54;08:42:30
REM-like;08:42:30;08:43:14
Alert;08:43:14;08:49:28
QHH;08:49:28;08:49:35
Alert;08:49:35;08:51:40
QHH;08:51:40;08:51:52
Alert;08:51:52;08:53:52
Active;08:53:52;08:55:46
Alert;08:55:46;08:57:28
QHH;08:57:28;08:57:31
Active;08:57:31;09:14:04
Alert;09:14:04;09:17:47
QHH;09:17:47;09:17:50
QOP;09:17:50;09:20:43
QHH;09:20:43;09:20:50
Alert;09:20:50;09:22:44
QHH;09:22:44;09:22:55
Alert;09:22:55;09:31:31
QHH;09:31:31;09:31:35
QOP;09:31:35;09:31:39
QHH;09:31:39;09:31:46
QOP;09:31:46;09:35:52
QHH;09:35:52;09:35:55
QOP;09:35:55;09:37:34
QHH;09:37:34;09:37:44
QOP;09:37:44;09:42:42
Alert;09:42:42;09:46:04
QOP;09:46:04;09:48:35
QHH;09:48:35;09:48:43
QHH;09:48:43;09:48:48
Long SWS-like;09:48:48;10:04:45
REM-like;10:04:45;10:05:10
Alert;10:05:10;10:07:54
Active;10:07:54;10:11:54
Alert;10:11:54;10:14:04
Active;10:14:04;10:17:34
Alert;10:17:34;10:20:44
QOP;10:20:44;10:20:53
QHH;10:20:53;10:20:56
QOP;10:20:56;10:21:09
QHH;10:21:09;10:21:19
QOP;10:21:19;10:22:21
Alert;10:22:21;10:23:08
QHH;10:23:08;10:23:13
Alert;10:23:13;10:24:54
QOP;10:24:54;10:25:17
QHH;10:25:17;10:25:28
QOP;10:25:28;10:34:19
QHH;10:34:19;10:34:24
QOP;10:34:24;10:39:14
QHH;10:39:14;10:39:20
QOP;10:39:20;10:52:15
QHH;10:52:15;10:52:23
QOP;10:52:23;10:53:39
QHH;10:53:39;10:53:49
Long SWS-like;10:53:49;11:03:31
REM-like;11:03:31;11:04:14
QOP;11:04:14;11:12:13
Alert;11:12:13;11:12:49
QOP;11:12:49;11:16:29
Active;11:16:29;11:24:20
Alert;11:24:20;11:26:46
QHH;11:26:46;11:26:53
QOP;11:26:53;11:27:36
QHH;11:27:36;11:27:44
Alert;11:27:44;11:34:41
QOP;11:34:41;11:35:28
QHH;11:35:28;11:35:34
QOP;11:35:34;11:36:50
QHH;11:36:50;11:36:57
QOP;11:36:57;11:39:10
QHH;11:39:10;11:39:16
QHH;11:39:16;11:39:31
QOP;11:39:31;11:40:34
QHH;11:40:34;11:40:49
QOP;11:40:49;11:41:42
QHH;11:41:42;11:41:52
QOP;11:41:52;11:53:40
Active;11:53:40;11:55:29
Alert;11:55:29;12:00:20
QOP;12:00:20;12:08:30
QHH;12:08:30;12:08:37
QOP;12:08:37;12:10:07
Alert;12:10:07;12:11:04
Active;12:11:04;12:12:24
Alert;12:12:24;12:14:40
Active;12:14:40;12:14:49
Alert;12:14:49;13:14:23
QHH;13:14:23;13:14:29
Alert;13:14:29;13:37:00
QHH;13:37:00;13:37:20
Alert;13:37:20;13:41:00
QHH;13:41:00;13:41:20
Alert;13:41:20;14:20:36
QHH;14:20:36;14:20:44
Alert;14:20:44;14:23:28
QHH;14:23:28;14:23:47
Alert;14:23:47;14:43:51
QOP;14:43:51;14:49:19
REM-like;14:49:19;14:49:48
Alert;14:49:48;15:06:11
QHH;15:06:11;15:06:18
Alert;15:06:18;15:15:10
QHH;15:15:10;15:15:20
Alert;15:15:20;15:46:15
QOP;15:46:15;15:50:34
REM-like;15:50:34;15:51:26
Alert;15:51:26;16:02:16
Active;16:02:16;16:04:10
Alert;16:04:10;16:22:36
QOP;16:22:36;16:23:30
QHH;16:23:30;16:23:39
QOP;16:23:39;16:25:28
QHH;16:25:28;16:25:36
Alert;16:25:36;16:37:34
Active;16:37:34;16:38:33
Alert;16:38:33;16:43:57
QHH;16:43:57;16:44:17
QOP;16:44:17;16:45:28
QHH;16:45:28;16:45:45
QOP;16:45:45;17:19:22
REM-like;17:19:22;17:20:14
Alert;17:20:14;17:22:44
QHH;17:22:44;17:22:53
QOP;17:22:53;17:25:41
Alert;17:25:41;17:32:29
QHH;17:32:29;17:32:39
QOP;17:32:39;17:34:28
QHH;17:34:28;17:34:39
QOP;17:34:39;17:36:08
QHH;17:36:08;17:36:16
Alert;17:36:16;17:38:47
QHH;17:38:47;17:38:53
Alert;17:38:53;17:41:22
QHH;17:41:22;17:41:42
Alert;17:41:42;17:49:51
Active;17:49:51;17:50:00
Active;05:50:00;05:50:40
Alert;05:50:40;06:09:49
QOP;06:09:49;06:11:59
QHH;06:11:59;06:12:04
Long SWS-like;06:12:04;06:24:07
QOP;06:24:07;06:24:47
QHH;06:24:47;06:24:56
Short SWS-like;06:24:56;06:28:38
QHH;06:28:38;06:28:46
Long SWS-like;06:28:46;06:36:44
REM-like;06:36:44;06:37:21
QOP;06:37:21;06:39:14
Alert;06:39:14;06:39:48
Active;06:39:48;06:41:08
Alert;06:41:08;06:43:02
QHH;06:43:02;06:43:18
QOP;06:43:18;06:45:16
QHH;06:45:16;06:45:33
QOP;06:45:33;06:47:58
QHH;06:47:58;06:48:05
QOP;06:48:05;06:48:44
QHH;06:48:44;06:48:59
Alert;06:48:59;06:57:35
QPCN;06:57:35;07:08:32
OEM;07:08:32;07:09:22
Long SWS-like;07:09:22;07:22:18
REM-like;07:22:18;07:22:37
QOP;07:22:37;07:25:16
QHH;07:25:16;07:25:26
QOP;07:25:26;07:38:49
QHH;07:38:49;07:38:59
QOP;07:38:59;07:40:45
Alert;07:40:45;07:44:49
QHH;07:44:49;07:44:56
Active;07:44:56;07:49:21
Long SWS-like;07:49:21;08:08:54
REM-like;08:08:54;08:09:33
Long SWS-like;08:09:33;08:37:23
REM-like;08:37:23;08:38:08
QOP;08:38:08;08:46:26
Alert;08:46:26;08:47:21
Active;08:47:21;08:50:21
Alert;08:50:21;08:53:44
Short SWS-like;08:53:44;08:58:00
QHH;08:58:00;08:58:11
QOP;08:58:11;09:00:07
QHH;09:00:07;09:00:15
QOP;09:00:15;09:04:03
QHH;09:04:03;09:04:21
Long SWS-like;09:04:21;09:16:27
REM-like;09:16:27;09:17:13
QOP;09:17:13;09:18:21
QPCN;09:18:21;09:29:44
QHH;09:29:44;09:29:57
QOP;09:29:57;09:36:27
QHH;09:36:27;09:36:35
QOP;09:36:35;09:49:53
REM-like;09:49:53;09:50:50
QPCN;09:50:50;10:23:35
REM-like;10:23:35;10:24:44
QOP;10:24:44;10:32:32
QHH;10:32:32;10:32:38
QOP;10:32:38;10:36:32
QHH;10:36:32;10:36:43
QOP;10:36:43;10:41:45
Alert;10:41:45;10:44:03
Active;10:44:03;10:44:55
Alert;10:44:55;10:45:04
Active;10:45:04;10:46:45
Alert;10:46:45;10:52:48
QHH;10:52:48;10:52:53
Alert;10:52:53;10:54:18
Active;10:54:18;10:57:11
Alert;10:57:11;11:01:22
QPCN;11:01:22;11:05:19
Alert;11:05:19;11:05:58
QOP;11:05:58;11:09:35
QHH;11:09:35;11:09:42
QOP;11:09:42;11:11:46
Alert;11:11:46;11:12:41
QPCN;11:12:41;11:15:01
QHH;11:15:01;11:15:14
QOP;11:15:14;11:19:15
Alert;11:19:15;11:22:36
Active;11:22:36;11:22:48
QOP;11:22:48;11:23:24
Active;11:23:24;11:28:10
Alert;11:28:10;11:37:24
Active;11:37:24;11:49:07
Alert;11:49:07;11:51:39
QOP;11:51:39;11:51:50
QHH;11:51:50;11:51:55
Active;11:51:55;11:53:54
Alert;11:53:54;11:56:42
QHH;11:56:42;11:56:55
Alert;11:56:55;12:05:10
QOP;12:05:10;12:09:55
Short SWS-like;12:09:55;12:14:51
QHH;12:14:51;12:15:01
Alert;12:15:01;12:17:56
Active;12:17:56;12:25:07
Alert;12:25:07;12:29:06
Active;12:29:06;12:32:46
Alert;12:32:46;13:04:56
QHH;13:04:56;13:05:12
Alert;13:05:12;13:18:25
QHH;13:18:25;13:18:48
Alert;13:18:48;13:57:59
Active;13:57:59;14:01:14
Alert;14:01:14;14:12:12
QHH;14:12:12;14:12:25
Alert;14:12:25;14:25:35
QOP;14:25:35;14:51:13
Alert;14:51:13;14:51:29
QOP;14:51:29;14:55:00
REM-like;14:55:00;14:55:16
Alert;14:55:16;14:57:36
Active;14:57:36;14:59:21
Alert;14:59:21;15:22:51
QPCN;15:22:51;15:31:42
Alert;15:31:42;15:36:04
QHH;15:36:04;15:36:12
QOP;15:36:12;15:43:26
Alert;15:43:26;15:44:04
Active;15:44:04;15:46:14
Alert;15:46:14;15:56:21
QHH;15:56:21;15:56:35
Alert;15:56:35;16:01:57
Active;16:01:57;16:03:23
QOP;16:03:23;16:20:40
Alert;16:20:40;16:25:17
Active;16:25:17;16:26:38
QPCN;16:26:38;16:31:52
QHH;16:31:52;16:32:11
QPCN;16:32:11;16:38:18
REM-like;16:38:18;16:38:54
QOP;16:38:54;16:56:54
QHH;16:56:54;16:57:03
QOP;16:57:03;16:59:51
QHH;16:59:51;17:00:08
Active;17:00:08;17:01:35
Alert;17:01:35;17:03:44
Active;17:03:44;17:06:32
Alert;17:06:32;17:39:24
QHH;17:39:24;17:39:38
Alert;17:39:38;17:49:21
QHH;17:49:21;17:49:28
Alert;17:49:28;17:50:00
Alert;05:50:00;05:57:23
QOP;05:57:23;05:57:59
QHH;05:57:59;05:58:03
QOP;05:58:03;05:59:02
QHH;05:59:02;05:59:09
QOP;05:59:09;06:06:16
Alert;06:06:16;06:16:00
QOP;06:16:00;06:18:00
QHH;06:18:00;06:18:10
QOP;06:18:10;06:25:28
QHH;06:25:28;06:25:32
QOP;06:25:32;06:31:04
QHH;06:31:04;06:31:06
QOP;06:31:06;06:35:54
QHH;06:35:54;06:36:05
QOP;06:36:05;06:38:12
Alert;06:38:12;06:39:00
QOP;06:39:00;06:44:11
OEM;06:44:11;06:45:12
Long SWS-like;06:45:12;06:52:24
REM-like;06:52:24;06:52:53
Alert;06:52:53;06:53:00
Long SWS-like;06:53:00;07:00:48
QHH;07:00:48;07:00:52
QOP;07:00:52;07:00:58
Long SWS-like;07:00:58;07:22:28
REM-like;07:22:28;07:22:54
Short SWS-like;07:22:54;07:23:12
Alert;07:23:12;07:24:00
QOP;07:24:00;07:26:51
QHH;07:26:51;07:27:02
Short SWS-like;07:27:02;07:29:50
QHH;07:29:50;07:30:00
Short SWS-like;07:30:00;07:31:10
Alert;07:31:10;07:37:54
Active;07:37:54;07:38:25
QOP;07:38:25;07:39:59
QHH;07:39:59;07:40:15
Short SWS-like;07:40:15;07:40:22
Alert;07:40:22;07:43:20
QHH;07:43:20;07:43:26
Short SWS-like;07:43:26;07:44:07
QHH;07:44:07;07:44:21
Short SWS-like;07:44:21;07:45:06
QHH;07:45:06;07:45:09
Short SWS-like;07:45:09;07:47:41
QHH;07:47:41;07:47:52
QOP;07:47:52;07:48:30
Short SWS-like;07:48:30;07:50:38
QHH;07:50:38;07:50:51
Short SWS-like;07:50:51;07:56:47
QHH;07:56:47;07:56:51
Long SWS-like;07:56:51;08:03:00
Alert;08:03:00;08:07:50
Short SWS-like;08:07:50;08:08:10
QHH;08:08:10;08:08:14
Long SWS-like;08:08:14;08:18:45
Alert;08:18:45;08:20:20
QOP;08:20:20;08:21:00
Short SWS-like;08:21:00;08:25:03
REM-like;08:25:03;08:25:44
Alert;08:25:44;08:26:18
Short SWS-like;08:26:18;08:29:03
QHH;08:29:03;08:29:08
QOP;08:29:08;08:30:45
Alert;08:30:45;08:33:00
Long SWS-like;08:33:00;08:39:52
QHH;08:39:52;08:40:01
Long SWS-like;08:40:01;08:47:39
QHH;08:47:39;08:47:48
Long SWS-like;08:47:48;08:59:07
REM-like;08:59:07;08:59:50
Alert;08:59:50;09:00:08
Long SWS-like;09:00:08;09:12:13
QHH;09:12:13;09:12:21
Short SWS-like;09:12:21;09:13:51
QHH;09:13:51;09:14:00
Long SWS-like;09:14:00;09:33:59
REM-like;09:33:59;09:34:40
Long SWS-like;09:34:40;09:45:00
QHH;09:45:00;09:45:08
Short SWS-like;09:45:08;09:49:49
QHH;09:49:49;09:50:02
Long SWS-like;09:50:02;10:09:25
REM-like;10:09:25;10:10:15
Alert;10:10:15;10:11:08
Long SWS-like;10:11:08;10:21:36
QHH;10:21:36;10:21:38
Long SWS-like;10:21:38;10:44:38
REM-like;10:44:38;10:45:25
Short SWS-like;10:45:25;10:45:35
Alert;10:45:35;10:47:00
QOP;10:47:00;10:50:01
Alert;10:50:01;10:54:33
QOP;10:54:33;10:55:50
QHH;10:55:50;10:55:57
Alert;10:55:57;10:57:26
QHH;10:57:26;10:57:34
QOP;10:57:34;10:59:20
Alert;10:59:20;11:01:05
QHH;11:01:05;11:01:09
Alert;11:01:09;11:01:43
QHH;11:01:43;11:02:01
Alert;11:02:01;11:05:00
QOP;11:05:00;11:09:22
QHH;11:09:22;11:09:43
QOP;11:09:43;11:28:26
Short SWS-like;11:28:26;11:31:41
REM-like;11:31:41;11:32:22
Alert;11:32:22;11:33:13
QOP;11:33:13;11:39:06
Short SWS-like;11:39:06;11:40:35
QHH;11:40:35;11:40:46
QOP;11:40:46;11:54:00
Short SWS-like;11:54:00;11:57:50
QHH;11:57:50;11:57:56
Short SWS-like;11:57:56;11:58:54
Alert;11:58:54;11:59:50
Active;11:59:50;12:02:40
Alert;12:02:40;12:10:26
QHH;12:10:26;12:10:31
Alert;12:10:31;13:01:47
QHH;13:01:47;13:02:05
Alert;13:02:05;13:21:24
Active;13:21:24;13:22:40
Alert;13:22:40;13:35:52
Active;13:35:52;13:36:49
Alert;13:36:49;13:44:38
Active;13:44:38;14:02:26
Alert;14:02:26;14:07:43
QHH;14:07:43;14:07:48
QOP;14:07:48;14:13:00
QHH;14:13:00;14:13:12
Alert;14:13:12;14:19:21
QHH;14:19:21;14:19:28
QOP;14:19:28;14:20:23
Alert;14:20:23;14:24:50
QOP;14:24:50;14:28:35
Alert;14:28:35;14:32:08
Active;14:32:08;15:00:13
Alert;15:00:13;15:01:54
QOP;15:01:54;15:02:16
QHH;15:02:16;15:02:23
QOP;15:02:23;15:07:20
Active;15:07:20;15:07:50
Alert;15:07:50;15:09:27
QHH;15:09:27;15:09:33
Alert;15:09:33;15:19:57
Active;15:19:57;15:22:36
Alert;15:22:36;15:24:08
QHH;15:24:08;15:24:17
QOP;15:24:17;15:25:26
Alert;15:25:26;15:27:35
QOP;15:27:35;15:27:45
QHH;15:27:45;15:27:53
QOP;15:27:53;15:29:00
Alert;15:29:00;15:29:40
Active;15:29:40;15:31:19
Alert;15:31:19;15:37:36
Active;15:37:36;15:38:06
Alert;15:38:06;15:38:36
Active;15:38:36;15:39:04
Alert;15:39:04;15:52:04
QHH;15:52:04;15:52:15
Alert;15:52:15;15:59:35
QHH;15:59:35;15:59:47
Alert;15:59:47;16:10:57
QHH;16:10:57;16:11:09
Alert;16:11:09;17:03:00
QHH;17:03:00;17:03:18
Alert;17:03:18;17:33:41
QHH;17:33:41;17:33:58
Alert;17:33:58;17:36:22
QHH;17:36:22;17:36:39
Alert;17:36:39;17:41:47
QHH;17:41:47;17:41:57
QOP;17:41:57;17:44:17
QHH;17:44:17;17:44:22
QOP;17:44:22;17:45:16
QHH;17:45:16;17:45:25
QOP;17:45:25;17:47:50
Alert;17:47:50;17:50:00
Alert;05:50:00;05:54:37
QOP;05:54:37;06:01:35
Alert;06:01:35;06:26:56
QOP;06:26:56;06:30:13
QHH;06:30:13;06:30:25
QOP;06:30:25;06:35:50
Alert;06:35:50;06:36:51
QOP;06:36:51;06:51:00
Short SWS-like;06:51:00;06:55:47
QHH;06:55:47;06:55:54
Short SWS-like;06:55:54;06:59:47
REM-like;06:59:47;07:00:12
Alert;07:00:12;07:00:47
QOP;07:00:47;07:02:22
Long SWS-like;07:02:22;07:08:42
QHH;07:08:42;07:08:50
Long SWS-like;07:08:50;07:22:42
QHH;07:22:42;07:22:50
Short SWS-like;07:22:50;07:26:41
OEM;07:26:41;07:31:24
Long SWS-like;07:31:24;07:39:13
REM-like;07:39:13;07:39:50
Alert;07:39:50;07:42:11
Long SWS-like;07:42:11;07:56:34
QHH;07:56:34;07:56:41
Short SWS-like;07:56:41;08:00:03
QHH;08:00:03;08:00:10
Long SWS-like;08:00:10;08:16:48
REM-like;08:16:48;08:17:37
Alert;08:17:37;08:20:40
Long SWS-like;08:20:40;08:45:32
QHH;08:45:32;08:45:37
Long SWS-like;08:45:37;08:55:34
REM-like;08:55:34;08:56:30
Alert;08:56:30;08:58:30
Long SWS-like;08:58:30;09:34:49
REM-like;09:34:49;09:35:45
Alert;09:35:45;09:37:00
Long SWS-like;09:37:00;09:45:34
Alert;09:45:34;09:49:59
QHH;09:49:59;09:50:07
Alert;09:50:07;09:55:00
QOP;09:55:00;09:58:45
Alert;09:58:45;10:04:21
QOP;10:04:21;10:13:33
Alert;10:13:33;10:15:20
QOP;10:15:20;10:22:00
Alert;10:22:00;10:22:42
QOP;10:22:42;10:32:18
Long SWS-like;10:32:18;10:39:05
Alert;10:39:05;10:40:57
Short SWS-like;10:40:57;10:43:45
REM-like;10:43:45;10:44:39
QOP;10:44:39;10:56:00
Long SWS-like;10:56:00;11:20:39
REM-like;11:20:39;11:21:33
Alert;11:21:33;11:23:00
QOP;11:23:00;11:29:43
QHH;11:29:43;11:29:53
Long SWS-like;11:29:53;11:58:28
REM-like;11:58:28;11:59:38
Alert;11:59:38;12:02:44
QOP;12:02:44;12:32:37
REM-like;12:32:37;12:33:35
Alert;12:33:35;12:43:52
Active;12:43:52;12:49:55
Alert;12:49:55;12:52:45
Active;12:52:45;12:54:25
Alert;12:54:25;12:58:45
Active;12:58:45;13:07:00
Alert;13:07:00;13:09:00
Active;13:09:00;13:11:20
Alert;13:11:20;13:15:00
QOP;13:15:00;13:16:39
QHH;13:16:39;13:16:46
QOP;13:16:46;13:19:00
Alert;13:19:00;14:23:50
Active;14:23:50;14:30:00
QOP;14:30:00;14:32:02
QHH;14:32:02;14:32:09
QOP;14:32:09;14:33:35
QHH;14:33:35;14:33:46
Active;14:33:46;14:34:48
QOP;14:34:48;14:41:39
Alert;14:41:39;14:43:05
QOP;14:43:05;14:44:48
QHH;14:44:48;14:44:52
QOP;14:44:52;14:52:51
QHH;14:52:51;14:52:56
QOP;14:52:56;15:12:53
Short SWS-like;15:12:53;15:13:03
QHH;15:13:03;15:13:06
Short SWS-like;15:13:06;15:15:30
QHH;15:15:30;15:15:41
Long SWS-like;15:15:41;15:21:47
QHH;15:21:47;15:21:50
Long SWS-like;15:21:50;15:32:09
REM-like;15:32:09;15:32:38
Alert;15:32:38;15:33:35
QOP;15:33:35;15:39:08
QHH;15:39:08;15:39:17
QOP;15:39:17;15:44:42
QHH;15:44:42;15:44:52
QOP;15:44:52;15:50:00
Long SWS-like;15:50:00;16:02:54
REM-like;16:02:54;16:03:26
Alert;16:03:26;16:07:40
QOP;16:07:40;16:09:21
QHH;16:09:21;16:09:26
QOP;16:09:26;16:11:49
QHH;16:11:49;16:12:00
QOP;16:12:00;16:16:07
QHH;16:16:07;16:16:16
QOP;16:16:16;16:30:45
Active;16:30:45;16:32:00
QOP;16:32:00;16:45:02
QHH;16:45:02;16:45:10
QOP;16:45:10;17:02:36
QHH;17:02:36;17:02:52
QOP;17:02:52;17:05:52
QHH;17:05:52;17:06:00
QOP;17:06:00;17:18:33
QHH;17:18:33;17:18:41
QOP;17:18:41;17:36:27
QHH;17:36:27;17:36:32
QOP;17:36:32;17:44:00
Alert;05:50:00;05:53:48
Active;05:53:48;05:55:09
Alert;05:55:09;06:02:00
QOP;06:02:00;06:10:33
QHH;06:10:33;06:10:38
QOP;06:10:38;06:12:10
Alert;06:12:10;06:17:40
QOP;06:17:40;06:20:06
QHH;06:20:06;06:20:12
QOP;06:20:12;06:25:10
Long SWS-like;06:25:10;06:35:12
REM-like;06:35:12;06:35:42
Alert;06:35:42;06:37:10
Long SWS-like;06:37:10;06:51:58
QHH;06:51:58;06:52:06
Long SWS-like;06:52:06;07:09:28
REM-like;07:09:28;07:10:14
Alert;07:10:14;07:14:40
QOP;07:14:40;07:27:24
Long SWS-like;07:27:24;07:49:23
REM-like;07:49:23;07:50:17
Alert;07:50:17;07:52:22
QOP;07:52:22;07:54:57
QHH;07:54:57;07:55:02
QOP;07:55:02;07:58:30
Long SWS-like;07:58:30;08:04:44
QHH;08:04:44;08:04:47
Short SWS-like;08:04:47;08:08:10
Alert;08:08:10;08:11:10
QOP;08:11:10;08:19:40
Alert;08:19:40;08:21:40
Active;08:21:40;08:24:10
QOP;08:24:10;08:36:45
Long SWS-like;08:36:45;08:52:14
REM-like;08:52:14;08:52:59
Short SWS-like;08:52:59;08:53:11
Alert;08:53:11;08:54:08
Long SWS-like;08:54:08;09:29:10
REM-like;09:29:10;09:30:05
Alert;09:30:05;09:31:00
Long SWS-like;09:31:00;09:39:16
Alert;09:39:16;09:43:46
QOP;09:43:46;09:44:18
QHH;09:44:18;09:44:26
Long SWS-like;09:44:26;10:12:39
REM-like;10:12:39;10:13:45
QOP;10:13:45;10:13:57
Alert;10:13:57;10:14:27
Long SWS-like;10:14:27;10:41:09
QHH;10:41:09;10:41:17
Long SWS-like;10:41:17;10:50:12
REM-like;10:50:12;10:51:14
Alert;10:51:14;10:51:55
Short SWS-like;10:51:55;10:52:30
Alert;10:52:30;10:53:25
Long SWS-like;10:53:25;11:28:21
REM-like;11:28:21;11:29:25
Short SWS-like;11:29:25;11:29:43
Alert;11:29:43;11:30:50
QOP;11:30:50;11:32:53
Alert;11:32:53;11:36:10
QOP;11:36:10;11:40:10
Long SWS-like;11:40:10;12:01:58
REM-like;12:01:58;12:02:55
QOP;12:02:55;12:03:02
Alert;12:03:02;12:03:40
QOP;12:03:40;12:11:10
Long SWS-like;12:11:10;12:39:19
REM-like;12:39:19;12:40:12
Alert;12:40:12;12:41:00
QOP;12:41:00;12:43:40
QHH;12:43:40;12:43:50
QOP;12:43:50;12:48:34
Long SWS-like;12:48:34;13:13:26
REM-like;13:13:26;13:14:35
Short SWS-like;13:14:35;13:14:46
Alert;13:14:46;13:15:15
QOP;13:15:15;13:19:32
QHH;13:19:32;13:19:42
QOP;13:19:42;13:22:17
QHH;13:22:17;13:22:30
QOP;13:22:30;13:47:30
REM-like;13:47:30;13:48:28
Alert;13:48:28;13:50:00
Active;13:50:00;13:55:10
QOP;13:55:10;14:14:23
Long SWS-like;14:14:23;14:29:43
REM-like;14:29:43;14:30:42
Short SWS-like;14:30:42;14:30:47
Alert;14:30:47;14:35:58
QOP;14:35:58;14:39:02
QHH;14:39:02;14:39:13
QOP;14:39:13;14:46:10
Active;14:46:10;14:50:40
Alert;14:50:40;15:05:00
QOP;15:05:00;15:05:45
QHH;15:05:45;15:05:54
QOP;15:05:54;15:06:46
QHH;15:06:46;15:07:06
QOP;15:07:06;15:09:00
Short SWS-like;15:09:00;15:09:45
REM-like;15:09:45;15:10:16
Short SWS-like;15:10:16;15:10:30
Alert;15:10:30;15:11:50
QOP;15:11:50;15:12:46
QHH;15:12:46;15:12:49
QOP;15:12:49;15:14:30
Alert;15:14:30;15:20:10
QOP;15:20:10;15:30:08
Alert;15:30:08;15:31:07
QOP;15:31:07;15:35:43
Long SWS-like;15:35:43;15:46:35
REM-like;15:46:35;15:47:15
Alert;15:47:15;15:49:10
QOP;15:49:10;15:49:43
QHH;15:49:43;15:49:49
Alert;15:49:49;15:52:14
QOP;15:52:14;15:53:17
QHH;15:53:17;15:53:26
QOP;15:53:26;15:54:05
QHH;15:54:05;15:54:26
QOP;15:54:26;15:54:46
QHH;15:54:46;15:55:04
QOP;15:55:04;15:56:06
QHH;15:56:06;15:56:15
QOP;15:56:15;15:57:13
QHH;15:57:13;15:57:17
QOP;15:57:17;16:02:43
QHH;16:02:43;16:02:50
Active;16:02:50;16:06:10
Alert;16:06:10;16:31:10
QOP;16:31:10;16:32:15
QHH;16:32:15;16:32:18
QOP;16:32:18;16:32:34
QHH;16:32:34;16:32:43
QOP;16:32:43;16:46:10
QHH;16:46:10;16:46:21
Long SWS-like;16:46:21;16:54:20
QHH;16:54:20;16:54:31
Long SWS-like;16:54:31;17:02:47
REM-like;17:02:47;17:03:11
Alert;17:03:11;17:08:06
QHH;17:08:06;17:08:13
QOP;17:08:13;17:25:09
QHH;17:25:09;17:25:19
QOP;17:25:19;17:34:52
QHH;17:34:52;17:34:56
QOP;17:34:56;17:38:14
Active;17:38:14;17:39:07
Alert;17:39:07;17:49:10
Alert;05:50:00;06:11:31
QOP;06:11:31;06:15:31
Long SWS-like;06:15:31;06:29:16
Alert;06:29:16;06:30:31
QOP;06:30:31;06:38:31
Long SWS-like;06:38:31;06:50:31
Alert;06:50:31;06:51:21
QOP;06:51:21;06:58:31
Short SWS-like;06:58:31;07:04:25
REM-like;07:04:25;07:05:23
QOP;07:05:23;07:19:01
Alert;07:19:01;07:20:21
Short SWS-like;07:20:21;07:21:45
QHH;07:21:45;07:21:54
Short SWS-like;07:21:54;07:26:50
QOP;07:26:50;07:31:31
Alert;07:31:31;07:35:11
QOP;07:35:11;07:41:14
Long SWS-like;07:41:14;07:55:38
REM-like;07:55:38;07:56:22
QOP;07:56:22;08:05:31
Short SWS-like;08:05:31;08:11:25
QHH;08:11:25;08:11:32
Long SWS-like;08:11:32;08:32:03
REM-like;08:32:03;08:32:51
Short SWS-like;08:32:51;08:32:57
Alert;08:32:57;08:33:15
QOP;08:33:15;08:54:31
Long SWS-like;08:54:31;09:07:51
REM-like;09:07:51;09:08:57
Alert;09:08:57;09:09:31
QOP;09:09:31;09:19:11
Alert;09:19:11;09:24:01
QOP;09:24:01;09:34:31
Alert;09:34:31;09:41:01
QOP;09:41:01;09:45:31
Short SWS-like;09:45:31;09:49:41
QHH;09:49:41;09:49:48
Long SWS-like;09:49:48;09:58:01
Alert;09:58:01;10:03:31
QOP;10:03:31;10:08:20
QHH;10:08:20;10:08:26
QOP;10:08:26;10:12:11
Long SWS-like;10:12:11;10:22:39
REM-like;10:22:39;10:23:21
Alert;10:23:21;10:24:16
QOP;10:24:16;10:27:41
QHH;10:27:41;10:27:45
QOP;10:27:45;10:31:46
QHH;10:31:46;10:31:52
QOP;10:31:52;10:40:41
Alert;10:40:41;10:51:20
Active;11:06:59;11:08:06
Alert;11:08:06;11:10:24
QHH;11:10:24;11:10:37
Active;11:10:37;11:12:18
Alert;11:12:18;11:13:41
Active;11:13:41;11:17:11
QOP;11:17:11;11:23:42
QHH;11:23:42;11:23:47
QOP;11:23:47;11:26:44
Active;11:26:44;11:28:31
QOP;11:28:31;11:29:06
QHH;11:29:06;11:29:15
QOP;11:29:15;11:32:58
QHH;11:32:58;11:33:03
QOP;11:33:03;11:35:13
Alert;11:35:13;11:37:31
QOP;11:37:31;11:39:51
Long SWS-like;11:39:51;12:00:02
REM-like;12:00:02;12:00:51
QOP;12:00:51;12:01:12
Alert;12:01:12;12:04:01
Long SWS-like;12:04:01;12:36:22
REM-like;12:36:22;12:37:21
QOP;12:37:21;12:37:47
Alert;12:37:47;12:38:39
QOP;12:38:39;12:51:31
Long SWS-like;12:51:31;13:12:50
REM-like;13:12:50;13:13:51
QOP;13:13:51;13:14:18
Alert;13:14:18;13:14:31
QOP;13:14:31;13:28:45
QHH;13:28:45;13:28:52
QOP;13:28:52;13:49:18
REM-like;13:49:18;13:50:31
Alert;13:50:31;13:52:41
QOP;13:52:41;13:56:37
Active;13:56:37;13:57:15
Alert;13:57:15;14:02:08
QOP;14:02:08;14:02:39
QHH;14:02:39;14:02:43
QOP;14:02:43;14:12:23
Long SWS-like;14:12:23;14:34:39
REM-like;14:34:39;14:35:26
Short SWS-like;14:35:26;14:35:30
Alert;14:35:30;14:44:25
QHH;14:44:25;14:44:31
QOP;14:44:31;14:48:00
QHH;14:48:00;14:48:10
QOP;14:48:10;15:00:05
Long SWS-like;15:00:05;15:11:29
REM-like;15:11:29;15:12:22
Short SWS-like;15:12:22;15:12:38
Alert;15:12:38;15:13:31
QOP;15:13:31;15:19:59
QHH;15:19:59;15:20:08
QOP;15:20:08;15:27:16
QHH;15:27:16;15:27:28
QOP;15:27:28;15:40:42
Long SWS-like;15:40:42;15:46:58
REM-like;15:46:58;15:47:57
Short SWS-like;15:47:57;15:48:09
Alert;15:48:09;15:52:01
QOP;15:52:01;15:58:16
Alert;15:58:16;16:00:51
QOP;16:00:51;16:07:22
QHH;16:07:22;16:07:38
QOP;16:07:38;16:16:31
Long SWS-like;16:16:31;16:23:48
REM-like;16:23:48;16:24:45
Short SWS-like;16:24:45;16:25:06
Alert;16:25:06;16:27:11
QOP;16:27:11;16:27:18
QHH;16:27:18;16:27:30
QOP;16:27:30;16:29:19
QHH;16:29:19;16:29:46
QOP;16:29:46;16:30:08
QHH;16:30:08;16:30:30
QOP;16:30:30;17:07:21
Alert;17:07:21;17:10:51
QOP;17:10:51;17:11:33
QHH;17:11:33;17:11:56
QOP;17:11:56;17:13:41
Alert;17:13:41;17:14:23
QOP;17:14:23;17:45:16
Alert;17:45:16;17:49:31
Active;05:50:00;05:56:00
Alert;05:56:00;05:59:00
QOP;05:59:00;06:53:27
REM-like;06:53:27;06:54:20
QOP;06:54:20;07:01:25
Alert;07:01:25;07:09:00
QOP;07:09:00;07:12:00
Alert;07:12:00;07:15:00
Active;07:15:00;07:22:00
Alert;07:22:00;09:11:20
Active;09:11:20;09:13:10
Alert;09:13:10;09:35:00
Active;09:35:00;09:37:00
Alert;09:37:00;10:32:52
Active;10:32:52;10:34:00
Alert;10:34:00;10:45:30
QOP;10:45:30;10:45:42
QHH;10:45:42;10:45:50
QOP;10:45:50;10:47:19
Alert;10:47:19;10:48:50
QOP;10:48:50;10:50:55
QHH;10:50:55;10:51:06
QOP;10:51:06;10:51:51
QHH;10:51:51;10:52:08
QOP;10:52:08;10:53:53
QHH;10:53:53;10:54:05
QOP;10:54:05;11:01:20
Alert;11:01:20;11:04:00
QOP;11:04:00;11:12:58
Short SWS-like;11:12:58;11:17:53
REM-like;11:17:53;11:18:28
Short SWS-like;11:18:28;11:21:06
QOP;11:21:06;11:41:42
Long SWS-like;11:41:42;11:52:57
REM-like;11:52:57;11:53:38
Alert;11:53:38;11:53:49
QOP;11:53:49;12:01:53
QHH;12:01:53;12:02:01
QOP;12:02:01;12:02:27
Alert;12:02:27;12:15:03
QOP;12:15:03;12:26:59
QHH;12:26:59;12:27:03
QOP;12:27:03;12:42:16
Short SWS-like;12:42:16;12:45:34
OEM;12:45:34;12:46:46
QOP;12:46:46;12:52:00
OEM;12:52:00;12:52:16
Alert;12:52:16;12:53:09
Long SWS-like;12:53:09;13:07:37
REM-like;13:07:37;13:08:03
QOP;13:08:03;13:08:37
Alert;13:08:37;13:08:48
QOP;13:08:48;13:21:04
QHH;13:21:04;13:21:19
QOP;13:21:19;13:38:48
REM-like;13:38:48;13:39:36
QOP;13:39:36;13:41:46
Long SWS-like;13:41:46;14:16:09
REM-like;14:16:09;14:16:58
Alert;14:16:58;14:18:00
QOP;14:18:00;14:30:00
Long SWS-like;14:30:00;14:37:25
Active;14:37:25;14:40:30
QOP;14:40:30;14:43:21
QHH;14:43:21;14:43:27
Long SWS-like;14:43:27;15:02:48
REM-like;15:02:48;15:03:31
QOP;15:03:31;15:03:43
Alert;15:03:43;15:04:05
QOP;15:04:05;15:07:50
Alert;15:07:50;15:20:00
QOP;15:20:00;15:30:30
Alert;15:30:30;15:32:00
QOP;15:32:00;15:45:58
Alert;15:45:58;15:48:00
QOP;15:48:00;16:00:00
Long SWS-like;16:00:00;16:08:10
REM-like;16:08:10;16:08:54
Alert;16:08:54;16:09:30
QOP;16:09:30;16:17:50
Alert;16:17:50;16:19:00
QHH;16:19:00;16:20:39
QOP;16:20:39;16:21:46
QHH;16:21:46;16:21:54
QOP;16:21:54;16:27:10
QHH;16:27:10;16:27:20
QOP;16:27:20;16:33:35
QHH;16:33:35;16:33:39
Long SWS-like;16:33:39;16:41:14
REM-like;16:41:14;16:42:05
Alert;16:42:05;16:43:40
QOP;16:43:40;16:51:08
QHH;16:51:08;16:51:22
Long SWS-like;16:51:22;17:03:45
QHH;17:03:45;17:03:53
QOP;17:03:53;17:16:06
Alert;17:16:06;17:18:00
Short SWS-like;17:18:00;17:23:17
QHH;17:23:17;17:23:25
QOP;17:23:25;17:33:00
Alert;17:33:00;17:34:00
QOP;17:34:00;17:39:50
QHH;17:39:50;17:39:59
QOP;17:39:59;17:45:20
