Alert;00:04:37;00:06:58
QOP;00:06:58;00:25:21
Alert;00:25:21;00:03:17
QOP;00:03:17;00:00:12
QHH;00:00:12;00:05:25
QOP;00:05:25;00:01:01
Alert;00:01:01;00:14:09
QOP;00:14:09;00:04:47
SWS-like;00:04:47;00:00:07
QHH;00:00:07;00:03:53
SWS-like;00:03:53;00:00:25
REM-like;00:00:25;00:00:35
Alert;00:00:35;00:01:35
QOP;00:01:35;00:06:20
SWS-like;00:06:20;00:00:08
QHH;00:00:08;00:13:52
SWS-like;00:13:52;00:00:08
QHH;00:00:08;00:03:51
SWS-like;00:03:51;00:04:43
OEM;00:04:43;00:07:49
SWS-like;00:07:49;00:00:37
REM-like;00:00:37;00:02:21
Alert;00:02:21;00:14:23
SWS-like;00:14:23;00:00:07
QHH;00:00:07;00:03:22
SWS-like;00:03:22;00:00:07
QHH;00:00:07;00:16:38
SWS-like;00:16:38;00:00:49
REM-like;00:00:49;00:03:03
Alert;00:03:03;00:24:52
SWS-like;00:24:52;00:00:05
QHH;00:00:05;00:09:57
SWS-like;00:09:57;00:00:56
REM-like;00:00:56;00:02:00
Alert;00:02:00;00:36:19
SWS-like;00:36:19;00:00:56
REM-like;00:00:56;00:01:15
Alert;00:01:15;00:08:34
SWS-like;00:08:34;00:04:25
Alert;00:04:25;00:00:08
QHH;00:00:08;00:04:53
Alert;00:04:53;00:03:45
QOP;00:03:45;00:05:36
Alert;00:05:36;00:09:12
QOP;00:09:12;00:01:47
Alert;00:01:47;00:06:40
QOP;00:06:40;00:00:42
Alert;00:00:42;00:09:36
QOP;00:09:36;00:06:47
SWS-like;00:06:47;00:01:52
Alert;00:01:52;00:02:48
SWS-like;00:02:48;00:00:54
REM-like;00:00:54;00:11:21
QOP;00:11:21;00:24:39
SWS-like;00:24:39;00:00:54
REM-like;00:00:54;00:01:27
Alert;00:01:27;00:06:43
QOP;00:06:43;00:00:10
QHH;00:00:10;00:28:35
SWS-like;00:28:35;00:01:10
REM-like;00:01:10;00:03:06
Alert;00:03:06;00:29:53
QOP;00:29:53;00:00:58
REM-like;00:00:58;00:10:17
Alert;00:10:17;00:06:03
Active;00:06:03;00:02:50
Alert;00:02:50;00:01:40
Active;00:01:40;00:04:20
Alert;00:04:20;00:08:15
Active;00:08:15;00:02:00
Alert;00:02:00;00:02:20
Active;00:02:20;00:03:40
Alert;00:03:40;00:01:39
QOP;00:01:39;00:00:07
QHH;00:00:07;00:02:14
QOP;00:02:14;01:04:50
Alert;01:04:50;00:06:10
Active;00:06:10;00:02:02
QOP;00:02:02;00:00:07
QHH;00:00:07;00:01:26
QOP;00:01:26;00:00:11
QHH;00:00:11;00:01:02
Active;00:01:02;00:06:51
QOP;00:06:51;00:01:26
Alert;00:01:26;00:01:43
QOP;00:01:43;00:00:04
QHH;00:00:04;00:07:59
QOP;00:07:59;00:00:05
QHH;00:00:05;00:19:57
QOP;00:19:57;00:00:10
SWS-like;00:00:10;00:00:03
QHH;00:00:03;00:02:24
SWS-like;00:02:24;00:00:11
QHH;00:00:11;00:06:06
SWS-like;00:06:06;00:00:03
QHH;00:00:03;00:10:19
SWS-like;00:10:19;00:00:29
REM-like;00:00:29;00:00:57
Alert;00:00:57;00:05:33
QOP;00:05:33;00:00:09
QHH;00:00:09;00:05:25
QOP;00:05:25;00:00:10
QHH;00:00:10;00:05:08
QOP;00:05:08;00:12:54
SWS-like;00:12:54;00:00:32
REM-like;00:00:32;00:04:14
Alert;00:04:14;00:01:41
QOP;00:01:41;00:00:05
QHH;00:00:05;00:02:23
QOP;00:02:23;00:00:11
QHH;00:00:11;00:04:07
QOP;00:04:07;00:00:09
QHH;00:00:09;00:14:29
QOP;00:14:29;00:01:15
Active;00:01:15;00:13:02
QOP;00:13:02;00:00:08
QHH;00:00:08;00:17:26
QOP;00:17:26;00:00:16
QHH;00:00:16;00:03:00
QOP;00:03:00;00:00:08
QHH;00:00:08;00:12:33
QOP;00:12:33;00:00:08
QHH;00:00:08;00:17:46
QOP;00:17:46;00:00:05
QHH;00:00:05;00:07:28
QOP;00:07:28;00:00:05
QHH;00:00:05;00:01:32
QOP;00:01:32;00:05:30
Alert;00:05:30;00:02:26
QOP;00:02:26;00:00:06
QHH;00:00:06;00:04:58
QOP;00:04:58;00:10:02
SWS-like;00:10:02;00:00:30
REM-like;00:00:30;00:01:28
Alert;00:01:28;00:14:48
SWS-like;00:14:48;00:00:08
QHH;00:00:08;00:17:22
SWS-like;00:17:22;00:00:46
REM-like;00:00:46;00:04:26
Alert;00:04:26;00:12:44
QOP;00:12:44;00:21:59
SWS-like;00:21:59;00:00:54
REM-like;00:00:54;00:02:05
Alert;00:02:05;00:02:35
QOP;00:02:35;00:00:05
QHH;00:00:05;00:03:28
QOP;00:03:28;00:06:14
SWS-like;00:06:14;00:00:03
QHH;00:00:03;00:03:23
SWS-like;00:03:23;00:03:00
Alert;00:03:00;00:08:30
QOP;00:08:30;00:02:00
Alert;00:02:00;00:02:30
Active;00:02:30;00:12:35
QOP;00:12:35;00:15:29
SWS-like;00:15:29;00:00:45
REM-like;00:00:45;00:00:12
SWS-like;00:00:12;00:00:57
Alert;00:00:57;00:35:02
SWS-like;00:35:02;00:00:55
REM-like;00:00:55;00:00:55
Alert;00:00:55;00:08:16
SWS-like;00:08:16;00:04:30
Alert;00:04:30;00:00:32
QOP;00:00:32;00:00:08
QHH;00:00:08;00:28:13
SWS-like;00:28:13;00:01:06
REM-like;00:01:06;00:00:12
QOP;00:00:12;00:00:30
Alert;00:00:30;00:26:42
SWS-like;00:26:42;00:00:08
QHH;00:00:08;00:08:55
SWS-like;00:08:55;00:01:02
REM-like;00:01:02;00:00:41
Alert;00:00:41;00:00:35
SWS-like;00:00:35;00:00:55
Alert;00:00:55;00:34:56
SWS-like;00:34:56;00:01:04
REM-like;00:01:04;00:00:18
SWS-like;00:00:18;00:01:07
Alert;00:01:07;00:02:03
QOP;00:02:03;00:03:17
Alert;00:03:17;00:04:00
QOP;00:04:00;00:21:48
SWS-like;00:21:48;00:00:57
REM-like;00:00:57;00:00:07
QOP;00:00:07;00:00:38
Alert;00:00:38;00:07:30
QOP;00:07:30;00:28:09
SWS-like;00:28:09;00:00:53
REM-like;00:00:53;00:00:48
Alert;00:00:48;00:02:40
QOP;00:02:40;00:00:10
QHH;00:00:10;00:04:44
QOP;00:04:44;00:24:52
SWS-like;00:24:52;00:01:09
REM-like;00:01:09;00:00:11
SWS-like;00:00:11;00:00:29
Alert;00:00:29;00:04:17
QOP;00:04:17;00:00:10
QHH;00:00:10;00:02:35
QOP;00:02:35;00:00:13
QHH;00:00:13;00:25:00
QOP;00:25:00;00:00:58
REM-like;00:00:58;00:01:32
Alert;00:01:32;00:05:10
Active;00:05:10;00:19:13
QOP;00:19:13;00:15:20
SWS-like;00:15:20;00:00:59
REM-like;00:00:59;00:00:05
SWS-like;00:00:05;00:05:11
Alert;00:05:11;00:03:04
QOP;00:03:04;00:00:11
QHH;00:00:11;00:06:57
QOP;00:06:57;00:04:30
Active;00:04:30;00:14:20
Alert;00:14:20;00:00:45
QOP;00:00:45;00:00:09
QHH;00:00:09;00:00:52
QOP;00:00:52;00:00:20
QHH;00:00:20;00:01:54
QOP;00:01:54;00:00:45
SWS-like;00:00:45;00:00:31
REM-like;00:00:31;00:00:14
SWS-like;00:00:14;00:01:20
Alert;00:01:20;00:00:56
QOP;00:00:56;00:00:03
QHH;00:00:03;00:01:41
QOP;00:01:41;00:05:40
Alert;00:05:40;00:09:58
QOP;00:09:58;00:00:59
Alert;00:00:59;00:04:36
QOP;00:04:36;00:10:52
SWS-like;00:10:52;00:00:40
REM-like;00:00:40;00:01:55
Alert;00:01:55;00:00:33
QOP;00:00:33;00:00:06
QHH;00:00:06;00:02:25
Alert;00:02:25;00:01:03
QOP;00:01:03;00:00:09
QHH;00:00:09;00:00:39
QOP;00:00:39;00:00:21
QHH;00:00:21;00:00:20
QOP;00:00:20;00:00:18
QHH;00:00:18;00:01:02
QOP;00:01:02;00:00:09
QHH;00:00:09;00:00:58
QOP;00:00:58;00:00:04
QHH;00:00:04;00:05:26
QOP;00:05:26;00:00:07
QHH;00:00:07;00:03:20
Active;00:03:20;00:25:00
Alert;00:25:00;00:01:05
QOP;00:01:05;00:00:03
QHH;00:00:03;00:00:16
QOP;00:00:16;00:00:09
QHH;00:00:09;00:13:27
QOP;00:13:27;00:00:11
QHH;00:00:11;00:07:59
SWS-like;00:07:59;00:00:11
QHH;00:00:11;00:08:16
SWS-like;00:08:16;00:00:24
REM-like;00:00:24;00:04:55
Alert;00:04:55;00:00:07
QHH;00:00:07;00:16:56
QOP;00:16:56;00:00:10
QHH;00:00:10;00:09:33
QOP;00:09:33;00:00:04
QHH;00:00:04;00:03:18
QOP;00:03:18;00:00:53
Active;00:00:53;00:10:03
Alert;00:10:03;00:04:00
QOP;00:04:00;00:13:45
SWS-like;00:13:45;00:01:15
Alert;00:01:15;00:08:00
QOP;00:08:00;00:12:00
SWS-like;00:12:00;00:00:50
Alert;00:00:50;00:07:10
QOP;00:07:10;00:05:54
SWS-like;00:05:54;00:00:58
REM-like;00:00:58;00:13:38
QOP;00:13:38;00:01:20
Alert;00:01:20;00:01:24
SWS-like;00:01:24;00:00:09
QHH;00:00:09;00:04:56
SWS-like;00:04:56;00:04:41
QOP;00:04:41;00:03:40
Alert;00:03:40;00:06:03
QOP;00:06:03;00:14:24
SWS-like;00:14:24;00:00:44
REM-like;00:00:44;00:09:09
QOP;00:09:09;00:05:54
SWS-like;00:05:54;00:00:07
QHH;00:00:07;00:20:31
SWS-like;00:20:31;00:00:48
REM-like;00:00:48;00:00:06
SWS-like;00:00:06;00:00:18
Alert;00:00:18;00:07:16
QOP;00:07:16;00:14:00
QOP;00:14:00;00:13:20
SWS-like;00:13:20;00:01:06
REM-like;00:01:06;00:00:34
Alert;00:00:34;00:09:40
QOP;00:09:40;00:04:50
Alert;00:04:50;00:10:30
QOP;00:10:30;00:06:30
Alert;00:06:30;00:04:30
QOP;00:04:30;00:04:10
SWS-like;00:04:10;00:00:07
QHH;00:00:07;00:08:13
SWS-like;00:08:13;00:05:30
Alert;00:05:30;00:04:49
QOP;00:04:49;00:00:06
QHH;00:00:06;00:03:45
QOP;00:03:45;00:10:28
SWS-like;00:10:28;00:00:42
REM-like;00:00:42;00:00:55
Alert;00:00:55;00:03:25
QOP;00:03:25;00:00:04
QHH;00:00:04;00:04:01
QOP;00:04:01;00:00:06
QHH;00:00:06;00:08:49
QOP;00:08:49;00:10:39
Alert;00:10:39;00:01:07
Active;00:01:07;00:02:18
Alert;00:02:18;00:00:13
QHH;00:00:13;00:01:41
Active;00:01:41;00:01:23
Alert;00:01:23;00:03:30
Active;00:03:30;00:06:31
QOP;00:06:31;00:00:05
QHH;00:00:05;00:02:57
QOP;00:02:57;00:01:47
Active;00:01:47;00:00:35
QOP;00:00:35;00:00:09
QHH;00:00:09;00:03:43
QOP;00:03:43;00:00:05
QHH;00:00:05;00:02:10
QOP;00:02:10;00:02:18
Alert;00:02:18;00:02:20
QOP;00:02:20;00:20:11
SWS-like;00:20:11;00:00:49
REM-like;00:00:49;00:00:21
QOP;00:00:21;00:02:49
Alert;00:02:49;00:32:21
SWS-like;00:32:21;00:00:59
REM-like;00:00:59;00:00:26
QOP;00:00:26;00:00:52
Alert;00:00:52;00:12:52
QOP;00:12:52;00:21:19
SWS-like;00:21:19;00:01:01
REM-like;00:01:01;00:00:27
QOP;00:00:27;00:00:13
Alert;00:00:13;00:14:14
QOP;00:14:14;00:00:07
QHH;00:00:07;00:20:26
QOP;00:20:26;00:01:13
REM-like;00:01:13;00:02:10
Alert;00:02:10;00:03:56
QOP;00:03:56;00:00:38
Active;00:00:38;00:04:53
Alert;00:04:53;00:00:31
QOP;00:00:31;00:00:04
QHH;00:00:04;00:09:40
QOP;00:09:40;00:22:16
SWS-like;00:22:16;00:00:47
REM-like;00:00:47;00:00:04
SWS-like;00:00:04;00:08:55
Alert;00:08:55;00:00:06
QHH;00:00:06;00:03:29
QOP;00:03:29;00:00:10
QHH;00:00:10;00:11:55
QOP;00:11:55;00:11:24
SWS-like;00:11:24;00:00:53
REM-like;00:00:53;00:00:16
SWS-like;00:00:16;00:00:53
Alert;00:00:53;00:06:28
QOP;00:06:28;00:00:09
QHH;00:00:09;00:07:08
QOP;00:07:08;00:00:12
QHH;00:00:12;00:13:14
QOP;00:13:14;00:06:16
SWS-like;00:06:16;00:00:59
REM-like;00:00:59;00:00:12
SWS-like;00:00:12;00:03:52
Alert;00:03:52;00:06:15
QOP;00:06:15;00:02:35
Alert;00:02:35;00:06:31
QOP;00:06:31;00:00:16
QHH;00:00:16;00:08:53
QOP;00:08:53;00:07:17
SWS-like;00:07:17;00:00:57
REM-like;00:00:57;00:00:21
SWS-like;00:00:21;00:02:05
Alert;00:02:05;00:00:07
QOP;00:00:07;00:00:12
QHH;00:00:12;00:01:49
QOP;00:01:49;00:00:27
QHH;00:00:27;00:00:22
QOP;00:00:22;00:00:22
QHH;00:00:22;00:36:51
QOP;00:36:51;00:03:30
Alert;00:03:30;00:00:42
QOP;00:00:42;00:00:23
QHH;00:00:23;00:01:45
QOP;00:01:45;00:00:42
Alert;00:00:42;00:30:53
QOP;00:30:53;00:04:15
Alert;00:04:15;00:54:27
QOP;00:54:27;00:00:53
REM-like;00:00:53;00:07:05
QOP;00:07:05;00:07:35
Alert;00:07:35;00:03:00
QOP;00:03:00;00:03:00
Alert;00:03:00;00:07:00
Active;00:07:00;01:49:20
Alert;01:49:20;00:01:50
Active;00:01:50;00:21:50
Alert;00:21:50;00:02:00
Active;00:02:00;00:55:52
Alert;00:55:52;00:01:08
Active;00:01:08;00:11:30
Alert;00:11:30;00:00:12
QOP;00:00:12;00:00:08
QHH;00:00:08;00:01:29
QOP;00:01:29;00:01:31
Alert;00:01:31;00:02:05
QOP;00:02:05;00:00:11
QHH;00:00:11;00:00:45
QOP;00:00:45;00:00:17
QHH;00:00:17;00:01:45
QOP;00:01:45;00:00:12
QHH;00:00:12;00:07:15
QOP;00:07:15;00:02:40
Alert;00:02:40;00:08:58
QOP;00:08:58;00:04:55
SWS-like;00:04:55;00:00:35
REM-like;00:00:35;00:02:38
SWS-like;00:02:38;00:20:36
QOP;00:20:36;00:11:15
SWS-like;00:11:15;00:00:41
REM-like;00:00:41;00:00:11
Alert;00:00:11;00:08:04
QOP;00:08:04;00:00:08
QHH;00:00:08;00:00:26
QOP;00:00:26;00:12:36
Alert;00:12:36;00:11:56
QOP;00:11:56;00:00:04
QHH;00:00:04;00:15:13
QOP;00:15:13;00:03:18
SWS-like;00:03:18;00:01:12
OEM;00:01:12;00:05:14
QOP;00:05:14;00:00:16
OEM;00:00:16;00:00:53
Alert;00:00:53;00:14:28
SWS-like;00:14:28;00:00:26
REM-like;00:00:26;00:00:34
QOP;00:00:34;00:00:11
Alert;00:00:11;00:12:16
QOP;00:12:16;00:00:15
QHH;00:00:15;00:17:29
QOP;00:17:29;00:00:48
REM-like;00:00:48;00:02:10
QOP;00:02:10;00:34:23
SWS-like;00:34:23;00:00:49
REM-like;00:00:49;00:01:02
Alert;00:01:02;00:12:00
QOP;00:12:00;00:07:25
SWS-like;00:07:25;00:03:05
Active;00:03:05;00:02:51
QOP;00:02:51;00:00:06
QHH;00:00:06;00:19:21
SWS-like;00:19:21;00:00:43
REM-like;00:00:43;00:00:12
QOP;00:00:12;00:00:22
Alert;00:00:22;00:03:45
QOP;00:03:45;00:12:10
Alert;00:12:10;00:10:30
QOP;00:10:30;00:01:30
Alert;00:01:30;00:13:58
QOP;00:13:58;00:02:02
Alert;00:02:02;00:12:00
QOP;00:12:00;00:08:10
SWS-like;00:08:10;00:00:44
REM-like;00:00:44;00:00:36
Alert;00:00:36;00:08:20
QOP;00:08:20;00:01:10
Alert;00:01:10;00:01:39
QHH;00:01:39;00:01:07
QOP;00:01:07;00:00:08
QHH;00:00:08;00:05:16
QOP;00:05:16;00:00:10
QHH;00:00:10;00:06:15
QOP;00:06:15;00:00:04
QHH;00:00:04;00:07:35
SWS-like;00:07:35;00:00:51
REM-like;00:00:51;00:01:35
Alert;00:01:35;00:07:28
QOP;00:07:28;00:00:14
QHH;00:00:14;00:12:23
SWS-like;00:12:23;00:00:08
QHH;00:00:08;00:12:13
QOP;00:12:13;00:01:54
Alert;00:01:54;00:05:17
SWS-like;00:05:17;00:00:08
QHH;00:00:08;00:09:35
QOP;00:09:35;00:01:00
Alert;00:01:00;00:05:50
QOP;00:05:50;00:00:09
QHH;00:00:09;00:05:21
QOP;00:05:21;00:00:10
QHH;00:00:10;00:01:33
QOP;00:01:33;00:00:15
QHH;00:00:15;00:02:42
QOP;00:02:42;00:00:42
Alert;00:00:42;00:03:36
QOP;00:03:36;00:00:04
QHH;00:00:04;00:00:31
QOP;00:00:31;00:01:22
Alert;00:01:22;00:01:25
QOP;00:01:25;00:00:04
Alert;00:00:04;00:00:33
QOP;00:00:33;00:00:07
QHH;00:00:07;00:00:18
Alert;00:00:18;00:10:56
QOP;00:10:56;00:00:21
REM-like;00:00:21;00:00:26
Alert;00:00:26;00:02:22
QOP;00:02:22;00:00:07
QHH;00:00:07;00:22:54
QOP;00:22:54;00:06:48
SWS-like;00:06:48;00:00:39
REM-like;00:00:39;00:01:00
Alert;00:01:00;00:30:58
SWS-like;00:30:58;00:00:41
REM-like;00:00:41;00:00:32
QOP;00:00:32;00:01:19
Alert;00:01:19;00:12:49
QOP;00:12:49;00:00:07
QHH;00:00:07;00:23:50
SWS-like;00:23:50;00:00:51
REM-like;00:00:51;00:00:05
QOP;00:00:05;00:05:58
Alert;00:05:58;00:10:37
QOP;00:10:37;00:03:47
Active;00:03:47;00:01:51
Alert;00:01:51;00:00:07
QHH;00:00:07;00:01:58
Alert;00:01:58;00:00:06
QHH;00:00:06;00:00:05
QOP;00:00:05;00:00:06
QHH;00:00:06;00:00:15
QOP;00:00:15;00:00:03
QHH;00:00:03;00:01:35
QOP;00:01:35;00:00:25
QHH;00:00:25;00:02:53
Alert;00:02:53;00:01:01
QOP;00:01:01;00:00:22
QHH;00:00:22;00:06:49
Alert;00:06:49;00:12:21
SWS-like;00:12:21;00:00:46
REM-like;00:00:46;00:01:53
Alert;00:01:53;00:05:21
QOP;00:05:21;00:00:12
QHH;00:00:12;00:26:40
SWS-like;00:26:40;00:00:45
REM-like;00:00:45;00:00:36
Alert;00:00:36;00:02:49
QOP;00:02:49;00:00:15
QHH;00:00:15;00:02:05
QOP;00:02:05;00:00:16
QHH;00:00:16;00:26:55
SWS-like;00:26:55;00:00:51
REM-like;00:00:51;00:00:35
Alert;00:00:35;00:07:00
QOP;00:07:00;00:00:07
QHH;00:00:07;00:26:54
QOP;00:26:54;00:00:11
QHH;00:00:11;00:00:42
SWS-like;00:00:42;00:00:49
REM-like;00:00:49;00:00:19
Alert;00:00:19;00:26:45
QOP;00:26:45;00:00:12
QHH;00:00:12;00:00:40
QOP;00:00:40;00:00:06
QHH;00:00:06;00:06:01
SWS-like;00:06:01;00:01:18
REM-like;00:01:18;00:00:41
Alert;00:00:41;00:00:53
QOP;00:00:53;00:06:56
Alert;00:06:56;00:00:27
QHH;00:00:27;00:01:02
Alert;00:01:02;00:00:18
QHH;00:00:18;00:01:19
Alert;00:01:19;00:00:31
QOP;00:00:31;00:00:09
QHH;00:00:09;00:04:50
Alert;00:04:50;00:02:00
Active;00:02:00;00:05:05
Alert;00:05:05;00:03:38
Active;00:03:38;00:02:27
Alert;00:02:27;00:12:34
Active;00:12:34;00:02:46
Alert;00:02:46;00:04:40
Active;00:04:40;00:03:39
Alert;00:03:39;00:00:05
QHH;00:00:05;00:02:08
QOP;00:02:08;00:01:36
Active;00:01:36;00:13:23
Alert;00:13:23;00:00:01
QHH;00:00:01;00:00:09
Alert;00:00:09;00:00:08
QHH;00:00:08;00:09:19
Alert;00:09:19;00:00:20
QHH;00:00:20;00:10:57
Alert;00:10:57;00:00:10
QHH;00:00:10;00:29:57
Alert;00:29:57;00:00:17
QHH;00:00:17;01:05:10
Alert;01:05:10;00:00:14
QHH;00:00:14;00:00:33
Alert;00:00:33;00:00:02
QHH;00:00:02;00:01:19
Alert;00:01:19;00:00:16
QHH;00:00:16;00:04:03
QOP;00:04:03;00:00:05
QHH;00:00:05;00:08:51
QOP;00:08:51;00:00:02
QHH;00:00:02;00:15:40
QOP;00:15:40;00:00:06
QHH;00:00:06;00:04:51
SWS-like;00:04:51;00:00:12
REM-like;00:00:12;00:00:05
SWS-like;00:00:05;00:27:01
Alert;00:27:01;00:00:11
QHH;00:00:11;00:09:23
Alert;00:09:23;00:00:09
QHH;00:00:09;00:05:26
Alert;00:05:26;00:00:04
QHH;00:00:04;00:42:42
Alert;00:42:42;00:00:13
QHH;00:00:13;00:02:06
Alert;00:02:06;00:00:01
QHH;00:00:01;00:21:48
Alert;00:21:48;00:00:08
QHH;00:00:08;00:12:39
Alert;00:12:39;00:00:12
QHH;00:00:12;00:09:16
Alert;00:09:16;00:00:05
QHH;00:00:05;00:01:27
Alert;00:01:27;00:00:19
QHH;00:00:19;00:20:46
Alert;00:20:46;00:00:09
QHH;00:00:09;00:01:37
Alert;00:01:37;00:03:41
Active;00:03:41;00:02:19
Alert;00:02:19;00:03:13
QOP;00:03:13;00:00:07
QHH;00:00:07;00:00:43
QOP;00:00:43;00:00:12
QHH;00:00:12;00:02:46
QOP;00:02:46;00:00:04
QHH;00:00:04;00:00:24
QOP;00:00:24;00:01:30
Alert;00:01:30;00:00:21
QOP;00:00:21;00:00:03
QHH;00:00:03;00:00:30
QOP;00:00:30;00:00:02
QHH;00:00:02;00:00:46
QOP;00:00:46;00:00:03
QHH;00:00:03;00:00:01
QOP;00:00:01;00:00:18
QHH;00:00:18;00:03:04
QOP;00:03:04;00:00:04
QHH;00:00:04;00:04:15
QOP;00:04:15;00:00:04
QHH;00:00:04;00:02:20
Alert;00:02:20;00:07:41
QOP;00:07:41;00:00:26
REM-like;00:00:26;00:00:05
QOP;00:00:05;00:00:58
Alert;00:00:58;00:22:11
QOP;00:22:11;00:00:05
QHH;00:00:05;00:05:08
QOP;00:05:08;00:00:41
REM-like;00:00:41;00:00:53
Alert;00:00:53;00:01:04
QOP;00:01:04;00:04:15
Alert;00:04:15;00:00:04
QHH;00:00:04;00:00:54
QOP;00:00:54;00:00:10
QHH;00:00:10;00:00:23
QOP;00:00:23;00:00:17
QHH;00:00:17;00:01:05
QOP;00:01:05;00:00:02
QHH;00:00:02;00:01:15
QOP;00:01:15;00:00:01
QHH;00:00:01;00:01:13
QOP;00:01:13;00:00:33
OEM;00:00:33;00:03:56
Alert;00:03:56;00:00:04
QHH;00:00:04;00:00:35
QOP;00:00:35;00:00:12
QHH;00:00:12;00:02:00
Alert;00:02:00;00:04:58
QOP;00:04:58;00:01:21
Alert;00:01:21;00:03:20
QOP;00:03:20;00:00:14
QHH;00:00:14;00:04:19
QOP;00:04:19;00:07:32
SWS-like;00:07:32;00:00:34
REM-like;00:00:34;00:00:35
Alert;00:00:35;00:04:40
QOP;00:04:40;00:07:11
SWS-like;00:07:11;00:00:02
QHH;00:00:02;00:19:46
SWS-like;00:19:46;00:00:43
REM-like;00:00:43;00:00:10
QOP;00:00:10;00:06:34
Alert;00:06:34;00:06:55
QOP;00:06:55;00:00:11
QHH;00:00:11;00:05:40
QOP;00:05:40;00:00:11
QHH;00:00:11;00:00:49
QOP;00:00:49;00:00:04
QHH;00:00:04;00:12:36
SWS-like;00:12:36;00:00:44
REM-like;00:00:44;00:06:14
Alert;00:06:14;00:00:07
QHH;00:00:07;00:02:05
Alert;00:02:05;00:00:12
QHH;00:00:12;00:02:00
Alert;00:02:00;00:01:54
Active;00:01:54;00:01:42
Alert;00:01:42;00:00:03
QHH;00:00:03;00:16:33
Active;00:16:33;00:03:43
Alert;00:03:43;00:00:03
QHH;00:00:03;00:02:53
QOP;00:02:53;00:00:07
QHH;00:00:07;00:01:54
Alert;00:01:54;00:00:11
QHH;00:00:11;00:08:36
Alert;00:08:36;00:00:04
QHH;00:00:04;00:00:04
QOP;00:00:04;00:00:07
QHH;00:00:07;00:04:06
QOP;00:04:06;00:00:03
QHH;00:00:03;00:01:39
QOP;00:01:39;00:00:10
QHH;00:00:10;00:04:58
QOP;00:04:58;00:03:22
Alert;00:03:22;00:02:31
QOP;00:02:31;00:00:08
QHH;00:00:08;00:00:05
QHH;00:00:05;00:15:57
SWS-like;00:15:57;00:00:25
REM-like;00:00:25;00:02:44
Alert;00:02:44;00:04:00
Active;00:04:00;00:02:10
Alert;00:02:10;00:03:30
Active;00:03:30;00:03:10
Alert;00:03:10;00:00:09
QOP;00:00:09;00:00:03
QHH;00:00:03;00:00:13
QOP;00:00:13;00:00:10
QHH;00:00:10;00:01:02
QOP;00:01:02;00:00:47
Alert;00:00:47;00:00:05
QHH;00:00:05;00:01:41
Alert;00:01:41;00:00:23
QOP;00:00:23;00:00:11
QHH;00:00:11;00:08:51
QOP;00:08:51;00:00:05
QHH;00:00:05;00:04:50
QOP;00:04:50;00:00:06
QHH;00:00:06;00:12:55
QOP;00:12:55;00:00:08
QHH;00:00:08;00:01:16
QOP;00:01:16;00:00:10
QHH;00:00:10;00:09:42
SWS-like;00:09:42;00:00:43
REM-like;00:00:43;00:07:59
QOP;00:07:59;00:00:36
Alert;00:00:36;00:03:40
QOP;00:03:40;00:07:51
Active;00:07:51;00:02:26
Alert;00:02:26;00:00:07
QHH;00:00:07;00:00:43
QOP;00:00:43;00:00:08
QHH;00:00:08;00:06:57
Alert;00:06:57;00:00:47
QOP;00:00:47;00:00:06
QHH;00:00:06;00:01:16
QOP;00:01:16;00:00:07
QHH;00:00:07;00:02:13
QOP;00:02:13;00:00:06
QHH;00:00:06;00:00:15
QHH;00:00:15;00:01:03
QOP;00:01:03;00:00:15
QHH;00:00:15;00:00:53
QOP;00:00:53;00:00:10
QHH;00:00:10;00:11:48
QOP;00:11:48;00:01:49
Active;00:01:49;00:04:51
Alert;00:04:51;00:08:10
QOP;00:08:10;00:00:07
QHH;00:00:07;00:01:30
QOP;00:01:30;00:00:57
Alert;00:00:57;00:01:20
Active;00:01:20;00:02:16
Alert;00:02:16;00:00:09
Active;00:00:09;00:59:34
Alert;00:59:34;00:00:06
QHH;00:00:06;00:22:31
Alert;00:22:31;00:00:20
QHH;00:00:20;00:03:40
Alert;00:03:40;00:00:20
QHH;00:00:20;00:39:16
Alert;00:39:16;00:00:08
QHH;00:00:08;00:02:44
Alert;00:02:44;00:00:19
QHH;00:00:19;00:20:04
Alert;00:20:04;00:05:28
QOP;00:05:28;00:00:29
REM-like;00:00:29;00:16:23
Alert;00:16:23;00:00:07
QHH;00:00:07;00:08:52
Alert;00:08:52;00:00:10
QHH;00:00:10;00:30:55
Alert;00:30:55;00:04:19
QOP;00:04:19;00:00:52
REM-like;00:00:52;00:10:50
Alert;00:10:50;00:01:54
Active;00:01:54;00:18:26
Alert;00:18:26;00:00:54
QOP;00:00:54;00:00:09
QHH;00:00:09;00:01:49
QOP;00:01:49;00:00:08
QHH;00:00:08;00:11:58
Alert;00:11:58;00:00:59
Active;00:00:59;00:05:24
Alert;00:05:24;00:00:20
QHH;00:00:20;00:01:11
QOP;00:01:11;00:00:17
QHH;00:00:17;00:33:37
QOP;00:33:37;00:00:52
REM-like;00:00:52;00:02:30
Alert;00:02:30;00:00:09
QHH;00:00:09;00:02:48
QOP;00:02:48;00:06:48
Alert;00:06:48;00:00:10
QHH;00:00:10;00:01:49
QOP;00:01:49;00:00:11
QHH;00:00:11;00:01:29
QOP;00:01:29;00:00:08
QHH;00:00:08;00:02:31
Alert;00:02:31;00:00:06
QHH;00:00:06;00:02:29
Alert;00:02:29;00:00:20
QHH;00:00:20;00:08:09
Alert;00:08:09;00:00:09
Active;00:00:09;00:19:09
Alert;00:19:09;00:02:10
QOP;00:02:10;00:00:05
QHH;00:00:05;00:12:03
SWS-like;00:12:03;00:00:40
QOP;00:00:40;00:00:09
QHH;00:00:09;00:03:42
SWS-like;00:03:42;00:00:08
QHH;00:00:08;00:07:58
SWS-like;00:07:58;00:00:37
REM-like;00:00:37;00:01:53
QOP;00:01:53;00:00:34
Alert;00:00:34;00:01:20
Active;00:01:20;00:01:54
Alert;00:01:54;00:00:16
QHH;00:00:16;00:01:58
QOP;00:01:58;00:00:17
QHH;00:00:17;00:02:25
QOP;00:02:25;00:00:07
QHH;00:00:07;00:00:39
QOP;00:00:39;00:00:15
QHH;00:00:15;00:08:36
Alert;00:08:36;00:10:57
QOP;00:10:57;00:00:50
OEM;00:00:50;00:12:56
SWS-like;00:12:56;00:00:19
REM-like;00:00:19;00:02:39
QOP;00:02:39;00:00:10
QHH;00:00:10;00:13:23
QOP;00:13:23;00:00:10
QHH;00:00:10;00:01:46
QOP;00:01:46;00:04:04
Alert;00:04:04;00:00:07
QHH;00:00:07;00:04:25
Active;00:04:25;00:19:33
SWS-like;00:19:33;00:00:39
REM-like;00:00:39;00:27:50
SWS-like;00:27:50;00:00:45
REM-like;00:00:45;00:08:18
QOP;00:08:18;00:00:55
Alert;00:00:55;00:03:00
Active;00:03:00;00:03:23
Alert;00:03:23;00:04:16
SWS-like;00:04:16;00:00:11
QHH;00:00:11;00:01:56
QOP;00:01:56;00:00:08
QHH;00:00:08;00:03:48
QOP;00:03:48;00:00:18
QHH;00:00:18;00:12:06
SWS-like;00:12:06;00:00:46
REM-like;00:00:46;00:01:08
QOP;00:01:08;00:11:23
QOP;00:11:23;00:00:13
QHH;00:00:13;00:06:30
QOP;00:06:30;00:00:08
QHH;00:00:08;00:13:18
QOP;00:13:18;00:00:57
REM-like;00:00:57;00:32:45
SWS-like;00:32:45;00:01:09
REM-like;00:01:09;00:07:48
QOP;00:07:48;00:00:06
QHH;00:00:06;00:03:54
QOP;00:03:54;00:00:11
QHH;00:00:11;00:05:02
QOP;00:05:02;00:02:18
Alert;00:02:18;00:00:52
Active;00:00:52;00:00:09
Alert;00:00:09;00:01:41
Active;00:01:41;00:06:03
Alert;00:06:03;00:00:05
QHH;00:00:05;00:01:25
Alert;00:01:25;00:02:53
Active;00:02:53;00:04:11
Alert;00:04:11;00:03:57
QOP;00:03:57;00:00:39
Alert;00:00:39;00:03:37
QOP;00:03:37;00:00:07
QHH;00:00:07;00:02:04
QOP;00:02:04;00:00:55
Alert;00:00:55;00:02:20
QOP;00:02:20;00:00:13
QHH;00:00:13;00:04:01
QOP;00:04:01;00:03:21
Alert;00:03:21;00:00:12
Active;00:00:12;00:00:36
QOP;00:00:36;00:04:46
Active;00:04:46;00:09:14
Alert;00:09:14;00:11:43
Active;00:11:43;00:02:32
Alert;00:02:32;00:00:11
QOP;00:00:11;00:00:05
QHH;00:00:05;00:01:59
Active;00:01:59;00:02:48
Alert;00:02:48;00:00:13
QHH;00:00:13;00:08:15
Alert;00:08:15;00:04:45
QOP;00:04:45;00:04:56
SWS-like;00:04:56;00:00:10
QHH;00:00:10;00:02:55
Alert;00:02:55;00:07:11
Active;00:07:11;00:03:59
Alert;00:03:59;00:03:40
Active;00:03:40;00:32:10
Alert;00:32:10;00:00:16
QHH;00:00:16;00:13:13
Alert;00:13:13;00:00:23
QHH;00:00:23;00:39:11
Alert;00:39:11;00:03:15
Active;00:03:15;00:10:58
Alert;00:10:58;00:00:13
QHH;00:00:13;00:13:10
Alert;00:13:10;00:25:38
QOP;00:25:38;00:00:16
Alert;00:00:16;00:03:31
QOP;00:03:31;00:00:16
REM-like;00:00:16;00:02:20
Alert;00:02:20;00:01:45
Active;00:01:45;00:23:30
Alert;00:23:30;00:08:51
QOP;00:08:51;00:04:22
Alert;00:04:22;00:00:08
QHH;00:00:08;00:07:14
QOP;00:07:14;00:00:38
Alert;00:00:38;00:02:10
Active;00:02:10;00:10:07
Alert;00:10:07;00:00:14
QHH;00:00:14;00:05:22
Alert;00:05:22;00:01:26
Active;00:01:26;00:17:17
QOP;00:17:17;00:04:37
Alert;00:04:37;00:01:21
Active;00:01:21;00:05:14
QOP;00:05:14;00:00:19
QHH;00:00:19;00:06:07
SWS-like;00:06:07;00:00:36
REM-like;00:00:36;00:18:00
QOP;00:18:00;00:00:09
QHH;00:00:09;00:02:48
QOP;00:02:48;00:00:17
QHH;00:00:17;00:01:27
Active;00:01:27;00:02:09
Alert;00:02:09;00:02:48
Active;00:02:48;00:32:52
Alert;00:32:52;00:00:14
QHH;00:00:14;00:09:43
Alert;00:09:43;00:00:07
QHH;00:00:07;00:00:32
Alert;00:00:32;00:00:36
QOP;00:00:36;00:00:04
QHH;00:00:04;00:00:59
QOP;00:00:59;00:00:07
QHH;00:00:07;00:07:07
QOP;00:07:07;00:09:44
Alert;00:09:44;00:02:00
QOP;00:02:00;00:00:10
QHH;00:00:10;00:07:18
QOP;00:07:18;00:00:04
QHH;00:00:04;00:05:32
QOP;00:05:32;00:00:02
QHH;00:00:02;00:04:48
QOP;00:04:48;00:00:11
QHH;00:00:11;00:02:07
QOP;00:02:07;00:00:48
Alert;00:00:48;00:05:11
QOP;00:05:11;00:01:01
OEM;00:01:01;00:07:12
SWS-like;00:07:12;00:00:29
REM-like;00:00:29;00:00:07
Alert;00:00:07;00:07:48
SWS-like;00:07:48;00:00:04
QHH;00:00:04;00:00:06
QOP;00:00:06;00:21:30
SWS-like;00:21:30;00:00:26
REM-like;00:00:26;00:00:18
SWS-like;00:00:18;00:00:48
Alert;00:00:48;00:02:51
QOP;00:02:51;00:00:11
QHH;00:00:11;00:02:48
SWS-like;00:02:48;00:00:10
QHH;00:00:10;00:01:10
SWS-like;00:01:10;00:06:44
Alert;00:06:44;00:00:31
Active;00:00:31;00:01:34
QOP;00:01:34;00:00:16
QHH;00:00:16;00:00:07
SWS-like;00:00:07;00:02:58
Alert;00:02:58;00:00:06
QHH;00:00:06;00:00:41
SWS-like;00:00:41;00:00:14
QHH;00:00:14;00:00:45
SWS-like;00:00:45;00:00:03
QHH;00:00:03;00:02:32
SWS-like;00:02:32;00:00:11
QHH;00:00:11;00:00:38
QOP;00:00:38;00:02:08
SWS-like;00:02:08;00:00:13
QHH;00:00:13;00:05:56
SWS-like;00:05:56;00:00:04
QHH;00:00:04;00:06:09
SWS-like;00:06:09;00:04:50
Alert;00:04:50;00:00:20
SWS-like;00:00:20;00:00:04
QHH;00:00:04;00:10:31
SWS-like;00:10:31;00:01:35
Alert;00:01:35;00:00:40
QOP;00:00:40;00:04:03
SWS-like;00:04:03;00:00:41
REM-like;00:00:41;00:00:34
Alert;00:00:34;00:02:45
SWS-like;00:02:45;00:00:05
QHH;00:00:05;00:01:37
QOP;00:01:37;00:02:15
Alert;00:02:15;00:06:52
SWS-like;00:06:52;00:00:09
QHH;00:00:09;00:07:38
SWS-like;00:07:38;00:00:09
QHH;00:00:09;00:11:19
SWS-like;00:11:19;00:00:43
REM-like;00:00:43;00:00:18
Alert;00:00:18;00:12:05
SWS-like;00:12:05;00:00:08
QHH;00:00:08;00:01:30
SWS-like;00:01:30;00:00:09
QHH;00:00:09;00:19:59
SWS-like;00:19:59;00:00:41
REM-like;00:00:41;00:10:20
SWS-like;00:10:20;00:00:08
QHH;00:00:08;00:04:41
SWS-like;00:04:41;00:00:13
QHH;00:00:13;00:19:23
SWS-like;00:19:23;00:00:50
REM-like;00:00:50;00:00:53
Alert;00:00:53;00:10:28
SWS-like;00:10:28;00:00:02
QHH;00:00:02;00:23:00
SWS-like;00:23:00;00:00:47
REM-like;00:00:47;00:00:10
SWS-like;00:00:10;00:01:25
Alert;00:01:25;00:03:01
QOP;00:03:01;00:04:32
Alert;00:04:32;00:01:17
QOP;00:01:17;00:00:07
QHH;00:00:07;00:01:29
Alert;00:01:29;00:00:08
QHH;00:00:08;00:01:46
QOP;00:01:46;00:01:45
Alert;00:01:45;00:00:04
QHH;00:00:04;00:00:34
Alert;00:00:34;00:00:18
QHH;00:00:18;00:02:59
Alert;00:02:59;00:04:22
QOP;00:04:22;00:00:21
QHH;00:00:21;00:18:43
QOP;00:18:43;00:03:15
SWS-like;00:03:15;00:00:41
REM-like;00:00:41;00:00:51
Alert;00:00:51;00:05:53
QOP;00:05:53;00:01:29
SWS-like;00:01:29;00:00:11
QHH;00:00:11;00:13:14
QOP;00:13:14;00:03:50
SWS-like;00:03:50;00:00:06
QHH;00:00:06;00:00:58
SWS-like;00:00:58;00:00:56
Alert;00:00:56;00:02:50
Active;00:02:50;00:07:46
Alert;00:07:46;00:00:05
QHH;00:00:05;00:51:16
Alert;00:51:16;00:00:18
QHH;00:00:18;00:19:19
Alert;00:19:19;00:01:16
Active;00:01:16;00:13:12
Alert;00:13:12;00:00:57
Active;00:00:57;00:07:49
Alert;00:07:49;00:17:48
Active;00:17:48;00:05:17
Alert;00:05:17;00:00:05
QHH;00:00:05;00:05:12
QOP;00:05:12;00:00:12
QHH;00:00:12;00:06:09
Alert;00:06:09;00:00:07
QHH;00:00:07;00:00:55
QOP;00:00:55;00:04:27
Alert;00:04:27;00:03:45
QOP;00:03:45;00:03:33
Alert;00:03:33;00:28:05
Active;00:28:05;00:01:41
Alert;00:01:41;00:00:22
QOP;00:00:22;00:00:07
QHH;00:00:07;00:04:57
QOP;00:04:57;00:00:30
Active;00:00:30;00:01:37
Alert;00:01:37;00:00:06
QHH;00:00:06;00:10:24
Alert;00:10:24;00:02:39
Active;00:02:39;00:01:32
Alert;00:01:32;00:00:09
QHH;00:00:09;00:01:09
QOP;00:01:09;00:02:09
Alert;00:02:09;00:00:10
QOP;00:00:10;00:00:08
QHH;00:00:08;00:01:07
QOP;00:01:07;00:00:40
Alert;00:00:40;00:01:39
Active;00:01:39;00:06:17
Alert;00:06:17;00:00:30
Active;00:00:30;00:00:30
Alert;00:00:30;00:00:28
Active;00:00:28;00:13:00
Alert;00:13:00;00:00:11
QHH;00:00:11;00:07:20
Alert;00:07:20;00:00:12
QHH;00:00:12;00:11:10
Alert;00:11:10;00:00:12
QHH;00:00:12;00:51:51
Alert;00:51:51;00:00:18
QHH;00:00:18;00:30:23
Alert;00:30:23;00:00:17
QHH;00:00:17;00:02:24
Alert;00:02:24;00:00:17
QHH;00:00:17;00:05:08
Alert;00:05:08;00:00:10
QHH;00:00:10;00:02:20
QOP;00:02:20;00:00:05
QHH;00:00:05;00:00:54
QOP;00:00:54;00:00:09
QHH;00:00:09;00:02:25
QOP;00:02:25;00:02:10
Alert;00:02:10;00:02:02
QOP;00:02:02;00:03:45
Active;00:03:45;00:01:38
Alert;00:01:38;00:01:28
Active;00:01:28;00:03:09
Alert;00:03:09;00:10:44
Active;00:10:44;00:06:46
Alert;00:06:46;00:03:56
Active;00:03:56;00:01:53
Alert;00:01:53;00:00:06
QHH;00:00:06;00:00:07
QOP;00:00:07;00:00:12
QHH;00:00:12;00:00:15
QOP;00:00:15;00:00:41
Alert;00:00:41;00:02:54
QOP;00:02:54;00:01:46
Alert;00:01:46;00:02:35
QOP;00:02:35;00:00:52
Alert;00:00:52;00:02:40
QOP;00:02:40;00:01:38
Alert;00:01:38;00:03:22
QOP;00:03:22;00:00:26
Alert;00:00:26;00:03:41
QOP;00:03:41;00:00:12
QHH;00:00:12;00:01:10
QOP;00:01:10;00:00:16
QHH;00:00:16;00:00:28
QOP;00:00:28;00:01:54
Alert;00:01:54;00:11:10
QOP;00:11:10;00:00:05
QHH;00:00:05;00:01:49
QOP;00:01:49;00:00:19
QHH;00:00:19;00:04:29
SWS-like;00:04:29;00:00:19
REM-like;00:00:19;00:00:08
QOP;00:00:08;00:00:14
Alert;00:00:14;00:16:38
SWS-like;00:16:38;00:00:18
QHH;00:00:18;00:03:32
SWS-like;00:03:32;00:00:33
REM-like;00:00:33;00:02:40
Alert;00:02:40;00:00:22
QOP;00:00:22;00:00:18
QHH;00:00:18;00:00:08
QOP;00:00:08;00:00:09
QHH;00:00:09;00:02:18
Alert;00:02:18;00:02:30
Active;00:02:30;00:11:34
Alert;00:11:34;00:02:23
Active;00:02:23;00:10:43
Alert;00:10:43;00:02:38
Active;00:02:38;00:06:23
Alert;00:06:23;00:01:19
Active;00:01:19;00:11:16
Alert;00:11:16;00:17:38
Active;00:17:38;00:15:09
Alert;00:15:09;00:19:04
Active;00:19:04;00:05:11
Alert;00:05:11;00:03:13
Active;00:03:13;00:08:19
Alert;00:08:19;00:00:46
Active;00:00:46;00:04:24
Alert;00:04:24;00:02:00
QOP;00:02:00;00:02:46
Alert;00:02:46;00:01:54
Active;00:01:54;00:01:38
Alert;00:01:38;00:00:11
QHH;00:00:11;00:02:30
Alert;00:02:30;00:00:51
QHH;00:00:51;00:01:41
QOP;00:01:41;00:00:07
QHH;00:00:07;00:11:42
Active;00:11:42;00:03:36
QOP;00:03:36;00:04:24
Active;00:04:24;00:04:51
QOP;00:04:51;00:00:03
QHH;00:00:03;00:00:43
QOP;00:00:43;00:00:09
QHH;00:00:09;00:03:02
QOP;00:03:02;00:00:19
QHH;00:00:19;00:00:27
QOP;00:00:27;00:00:21
QHH;00:00:21;00:02:21
QOP;00:02:21;00:01:24
Alert;00:01:24;00:03:59
Active;00:03:59;00:02:16
Alert;00:02:16;00:03:05
Active;00:03:05;00:06:02
Alert;00:06:02;00:05:46
Active;00:05:46;00:03:52
Alert;00:03:52;00:00:29
Alert;00:00:29;00:03:31
Active;00:03:31;00:06:16
Alert;00:06:16;00:00:11
QHH;00:00:11;00:00:17
Alert;00:00:17;00:00:16
QHH;00:00:16;00:14:50
SWS-like;00:14:50;00:06:23
Alert;00:06:23;00:00:12
QHH;00:00:12;00:01:36
QOP;00:01:36;00:00:10
QHH;00:00:10;00:09:51
SWS-like;00:09:51;00:02:31
Alert;00:02:31;00:00:22
Active;00:00:22;00:25:27
Alert;00:25:27;00:00:12
QHH;00:00:12;00:02:51
Alert;00:02:51;00:00:26
QHH;00:00:26;00:02:56
Alert;00:02:56;00:00:12
QHH;00:00:12;00:08:08
Alert;00:08:08;00:00:18
QHH;00:00:18;00:06:17
Alert;00:06:17;00:00:30
QHH;00:00:30;00:22:00
Alert;00:22:00;00:00:09
QHH;00:00:09;00:26:13
Alert;00:26:13;00:00:13
QHH;00:00:13;00:04:00
Alert;00:04:00;00:00:26
QHH;00:00:26;00:58:11
Alert;00:58:11;00:00:13
QHH;00:00:13;00:43:40
Alert;00:43:40;00:00:15
QHH;00:00:15;00:23:18
Alert;00:23:18;00:00:33
QOP;00:00:33;00:00:23
REM-like;00:00:23;00:20:38
Alert;00:20:38;00:00:52
QOP;00:00:52;00:00:04
QHH;00:00:04;00:00:22
QOP;00:00:22;00:00:07
QHH;00:00:07;00:06:35
Alert;00:06:35;00:00:22
QOP;00:00:22;00:00:21
QHH;00:00:21;00:07:30
Alert;00:07:30;00:01:01
QOP;00:01:01;00:00:06
QHH;00:00:06;00:01:21
QOP;00:01:21;00:07:02
Alert;00:07:02;00:01:15
QOP;00:01:15;00:00:08
QHH;00:00:08;00:04:06
QOP;00:04:06;00:05:28
Alert;00:05:28;00:00:50
Active;00:00:50;00:06:16
Alert;00:06:16;00:06:15
SWS-like;00:06:15;00:00:05
QHH;00:00:05;00:02:37
SWS-like;00:02:37;00:00:14
QHH;00:00:14;00:02:12
SWS-like;00:02:12;00:08:27
Alert;00:08:27;00:04:47
SWS-like;00:04:47;00:00:13
QHH;00:00:13;00:03:47
SWS-like;00:03:47;00:00:15
REM-like;00:00:15;00:00:49
SWS-like;00:00:49;00:02:00
Alert;00:02:00;00:15:55
SWS-like;00:15:55;00:27:00
Alert;00:27:00;00:00:06
QHH;00:00:06;00:01:15
Alert;00:01:15;00:00:18
QHH;00:00:18;00:01:35
Alert;00:01:35;00:01:28
SWS-like;00:01:28;00:00:06
QHH;00:00:06;00:00:14
SWS-like;00:00:14;00:01:58
OEM;00:01:58;00:01:38
SWS-like;00:01:38;00:05:51
Alert;00:05:51;00:01:08
QOP;00:01:08;00:00:11
QHH;00:00:11;00:03:54
Alert;00:03:54;00:03:40
QOP;00:03:40;00:23:47
Alert;00:23:47;00:01:39
QOP;00:01:39;00:00:04
QHH;00:00:04;00:00:55
QOP;00:00:55;00:00:03
QHH;00:00:03;00:15:42
SWS-like;00:15:42;00:00:19
REM-like;00:00:19;00:00:25
Alert;00:00:25;00:00:23
QOP;00:00:23;00:11:44
SWS-like;00:11:44;00:00:19
QHH;00:00:19;00:21:49
SWS-like;00:21:49;00:07:40
Alert;00:07:40;00:27:10
SWS-like;00:27:10;00:12:07
Alert;00:12:07;00:22:34
SWS-like;00:22:34;00:12:29
Alert;00:12:29;00:33:00
QOP;00:33:00;00:17:00
Alert;00:17:00;00:23:25
QOP;00:23:25;00:00:53
Alert;00:00:53;00:01:42
QOP;00:01:42;00:01:58
Alert;00:01:58;00:18:10
QOP;00:18:10;00:01:42
SWS-like;00:01:42;00:00:21
QHH;00:00:21;00:12:56
SWS-like;00:12:56;00:00:56
REM-like;00:00:56;00:00:31
Alert;00:00:31;00:20:31
SWS-like;00:20:31;00:01:53
Alert;00:01:53;00:03:02
SWS-like;00:03:02;00:07:08
Alert;00:07:08;00:00:08
QHH;00:00:08;00:19:19
Alert;00:19:19;00:00:16
QHH;00:00:16;00:10:43
Alert;00:10:43;00:00:14
QHH;00:00:14;00:00:14
QOP;00:00:14;00:00:27
QHH;00:00:27;01:29:56
Alert;01:29:56;00:00:21
QHH;00:00:21;00:53:21
Alert;00:53:21;00:02:26
QOP;00:02:26;00:00:11
QHH;00:00:11;00:16:23
QOP;00:16:23;00:11:58
Alert;00:11:58;00:04:14
QOP;00:04:14;00:10:25
Alert;00:10:25;00:00:25
QOP;00:00:25;00:01:27
Active;00:01:27;00:03:45
Alert;00:03:45;00:01:38
QOP;00:01:38;00:08:48
Alert;00:08:48;00:00:38
QOP;00:00:38;00:00:11
QHH;00:00:11;00:00:35
QOP;00:00:35;00:00:11
QHH;00:00:11;00:00:50
QOP;00:00:50;00:04:05
Alert;00:04:05;00:00:10
QHH;00:00:10;00:03:51
QOP;00:03:51;00:01:01
Alert;00:01:01;00:10:50
QOP;00:10:50;00:00:29
Alert;00:00:29;00:04:05
SWS-like;00:04:05;00:00:23
REM-like;00:00:23;00:00:42
Alert;00:00:42;00:19:05
SWS-like;00:19:05;00:00:28
REM-like;00:00:28;00:00:21
Alert;00:00:21;00:00:23
QOP;00:00:23;00:02:55
Alert;00:02:55;00:00:46
SWS-like;00:00:46;00:00:13
QHH;00:00:13;00:00:12
Alert;00:00:12;00:01:48
SWS-like;00:01:48;00:02:40
Alert;00:02:40;00:00:11
SWS-like;00:00:11;00:00:14
QHH;00:00:14;00:03:04
SWS-like;00:03:04;00:00:48
QHH;00:00:48;00:01:18
SWS-like;00:01:18;00:00:14
QHH;00:00:14;00:00:42
SWS-like;00:00:42;00:00:22
QHH;00:00:22;00:15:37
SWS-like;00:15:37;00:00:23
REM-like;00:00:23;00:00:19
Alert;00:00:19;00:01:03
SWS-like;00:01:03;00:10:30
Alert;00:10:30;00:01:59
SWS-like;00:01:59;00:00:12
QHH;00:00:12;00:09:50
SWS-like;00:09:50;00:09:37
Alert;00:09:37;00:01:15
QOP;00:01:15;00:04:56
Alert;00:04:56;00:00:14
QOP;00:00:14;00:00:07
QHH;00:00:07;00:10:05
SWS-like;00:10:05;00:01:15
Alert;00:01:15;00:02:04
Active;00:02:04;00:28:40
Alert;00:28:40;00:00:18
QHH;00:00:18;00:04:38
Alert;00:04:38;00:00:13
QHH;00:00:13;00:01:52
Alert;00:01:52;00:00:10
QHH;00:00:10;00:55:34
Alert;00:55:34;00:00:09
QHH;00:00:09;00:19:51
Alert;00:19:51;00:12:00
QOP;00:12:00;00:10:10
Alert;00:10:10;00:01:04
Active;00:01:04;00:42:46
Alert;00:42:46;00:15:59
QOP;00:15:59;00:02:57
Alert;00:02:57;00:05:11
SWS-like;00:05:11;00:00:26
REM-like;00:00:26;00:01:47
SWS-like;00:01:47;00:00:15
QHH;00:00:15;00:03:30
SWS-like;00:03:30;00:00:10
QHH;00:00:10;00:02:12
SWS-like;00:02:12;00:00:21
QHH;00:00:21;00:02:10
SWS-like;00:02:10;00:00:17
QHH;00:00:17;00:06:51
SWS-like;00:06:51;00:00:23
Alert;00:00:23;00:00:44
SWS-like;00:00:44;00:00:05
QHH;00:00:05;00:01:21
SWS-like;00:01:21;00:00:16
QHH;00:00:16;00:01:04
SWS-like;00:01:04;00:34:22
Alert;00:34:22;00:00:14
QHH;00:00:14;01:06:14
Alert;01:06:14;00:00:34
QHH;00:00:34;00:23:48
Alert;00:23:48;00:00:13
QHH;00:00:13;00:03:11
Alert;00:03:11;00:00:31
Active;00:00:31;00:10:49
Alert;00:10:49;00:10:00
Active;00:10:00;00:04:40
QOP;00:04:40;00:00:50
Active;00:00:50;00:01:06
Alert;00:01:06;00:00:02
QHH;00:00:02;00:00:52
Alert;00:00:52;00:03:55
QOP;00:03:55;00:02:10
Alert;00:02:10;00:01:55
QOP;00:01:55;00:01:00
SWS-like;00:01:00;00:01:30
Alert;00:01:30;00:00:24
QOP;00:00:24;00:00:06
QHH;00:00:06;00:04:28
SWS-like;00:04:28;00:00:09
QHH;00:00:09;00:01:23
SWS-like;00:01:23;00:02:30
Alert;00:02:30;00:20:14
SWS-like;00:20:14;00:00:14
REM-like;00:00:14;00:00:11
QOP;00:00:11;00:00:23
Alert;00:00:23;00:12:37
SWS-like;00:12:37;00:00:09
QHH;00:00:09;00:03:00
SWS-like;00:03:00;00:00:10
QHH;00:00:10;00:11:49
SWS-like;00:11:49;00:00:18
REM-like;00:00:18;00:00:38
Alert;00:00:38;00:00:40
QOP;00:00:40;00:12:53
SWS-like;00:12:53;00:05:03
Alert;00:05:03;00:01:22
QOP;00:01:22;00:00:10
QHH;00:00:10;00:00:37
QOP;00:00:37;00:02:12
Alert;00:02:12;00:01:45
QOP;00:01:45;00:00:13
QHH;00:00:13;00:01:23
QOP;00:01:23;00:00:25
QHH;00:00:25;00:04:17
SWS-like;00:04:17;00:00:14
QHH;00:00:14;00:06:52
QOP;00:06:52;00:04:05
SWS-like;00:04:05;00:01:59
Alert;00:01:59;00:06:56
QOP;00:06:56;00:01:47
Alert;00:01:47;00:04:48
SWS-like;00:04:48;00:00:14
QHH;00:00:14;00:05:29
SWS-like;00:05:29;00:00:21
REM-like;00:00:21;00:00:26
Alert;00:00:26;00:04:12
QOP;00:04:12;00:00:04
QHH;00:00:04;00:04:54
QOP;00:04:54;00:06:59
SWS-like;00:06:59;00:00:13
QOP;00:00:13;00:04:07
Alert;00:04:07;00:05:56
SWS-like;00:05:56;00:00:19
REM-like;00:00:19;00:01:18
Alert;00:01:18;00:01:00
SWS-like;00:01:00;00:00:13
QHH;00:00:13;00:02:30
SWS-like;00:02:30;00:00:14
QHH;00:00:14;00:01:38
SWS-like;00:01:38;00:07:45
Alert;00:07:45;00:18:06
SWS-like;00:18:06;00:02:58
Alert;00:02:58;00:14:02
SWS-like;00:14:02;00:01:00
Alert;00:01:00;00:18:00
SWS-like;00:18:00;00:02:00
Alert;00:02:00;00:16:32
SWS-like;00:16:32;00:00:21
REM-like;00:00:21;00:03:59
QOP;00:03:59;00:01:26
Alert;00:01:26;00:12:55
QOP;00:12:55;00:04:00
Alert;00:04:00;00:02:00
Active;00:02:00;00:04:45
QOP;00:04:45;00:09:00
Alert;00:09:00;00:09:22
QOP;00:09:22;00:06:53
Alert;00:06:53;00:34:00
QOP;00:34:00;00:12:00
Alert;00:12:00;00:12:31
QOP;00:12:31;00:14:19
Alert;00:14:19;00:15:10
Active;00:15:10;00:04:00
Alert;00:04:00;00:07:00
Active;00:07:00;00:02:19
Alert;00:02:19;00:01:31
Active;00:01:31;00:14:30
Alert;00:14:30;00:01:10
Active;00:01:10;00:03:30
Alert;00:03:30;00:06:00
Active;00:06:00;00:06:54
Alert;00:06:54;00:02:48
Active;00:02:48;00:05:08
Alert;00:05:08;00:27:55
QOP;00:27:55;00:00:20
REM-like;00:00:20;00:00:52
Alert;00:00:52;00:21:33
QOP;00:21:33;00:00:40
REM-like;00:00:40;00:08:10
Alert;00:08:10;00:22:15
QOP;00:22:15;00:00:50
Alert;00:00:50;00:12:41
QOP;00:12:41;00:01:37
Alert;00:01:37;00:33:50
QOP;00:33:50;00:02:13
Alert;00:02:13;00:00:02
QHH;00:00:02;00:01:01
QOP;00:01:01;00:01:38
Alert;00:01:38;00:00:07
QHH;00:00:07;00:01:05
SWS-like;00:01:05;00:00:11
QHH;00:00:11;00:02:30
SWS-like;00:02:30;00:00:17
QHH;00:00:17;00:04:36
SWS-like;00:04:36;00:01:27
Alert;00:01:27;00:00:33
Active;00:00:33;00:06:17
Alert;00:06:17;00:00:13
QHH;00:00:13;01:00:23
Alert;01:00:23;00:00:18
QHH;00:00:18;00:06:30
Alert;00:06:30;00:00:17
QHH;00:00:17;00:06:08
Alert;00:06:08;00:00:16
QHH;00:00:16;00:51:34
Alert;00:51:34;00:00:40
Active;00:00:40;00:09:00
Alert;00:09:00;00:00:07
QHH;00:00:07;00:01:55
Alert;00:01:55;00:00:21
QHH;00:00:21;00:09:20
Alert;00:09:20;00:00:17
Active;00:00:17;00:02:02
Alert;00:02:02;00:00:05
QHH;00:00:05;00:01:21
Active;00:01:21;00:05:24
Alert;00:05:24;00:01:01
Active;00:01:01;00:03:13
QOP;00:03:13;00:15:17
Alert;00:15:17;00:00:27
QOP;00:00:27;00:00:09
QHH;00:00:09;00:00:52
QOP;00:00:52;00:00:12
QHH;00:00:12;00:02:11
QOP;00:02:11;00:07:21
SWS-like;00:07:21;00:00:07
QHH;00:00:07;00:02:01
SWS-like;00:02:01;00:00:05
QHH;00:00:05;00:02:16
SWS-like;00:02:16;00:00:15
QHH;00:00:15;00:13:57
SWS-like;00:13:57;00:00:23
REM-like;00:00:23;00:00:43
Alert;00:00:43;00:06:30
SWS-like;00:06:30;00:00:15
QHH;00:00:15;00:00:45
SWS-like;00:00:45;00:01:14
QHH;00:01:14;00:17:54
SWS-like;00:17:54;00:00:10
QHH;00:00:10;00:05:41
SWS-like;00:05:41;00:00:20
REM-like;00:00:20;00:00:30
Alert;00:00:30;00:12:14
SWS-like;00:12:14;00:00:04
QHH;00:00:04;00:03:54
SWS-like;00:03:54;00:00:18
QHH;00:00:18;00:07:11
SWS-like;00:07:11;00:00:14
QHH;00:00:14;00:05:45
SWS-like;00:05:45;00:00:23
REM-like;00:00:23;00:00:27
Alert;00:00:27;00:02:51
SWS-like;00:02:51;00:00:48
Alert;00:00:48;00:21:14
SWS-like;00:21:14;00:01:49
Alert;00:01:49;00:02:33
SWS-like;00:02:33;00:00:26
REM-like;00:00:26;00:00:45
Alert;00:00:45;00:04:44
SWS-like;00:04:44;00:00:09
QHH;00:00:09;00:06:38
SWS-like;00:06:38;00:00:18
QHH;00:00:18;00:03:54
SWS-like;00:03:54;00:00:12
QHH;00:00:12;00:02:43
SWS-like;00:02:43;00:08:28
Alert;00:08:28;00:00:06
QHH;00:00:06;00:00:05
QHH;00:00:05;00:01:34
Alert;00:01:34;00:00:40
SWS-like;00:00:40;00:00:09
QHH;00:00:09;00:11:41
Alert;00:11:41;00:01:03
QOP;00:01:03;00:00:20
QHH;00:00:20;00:04:52
QOP;00:04:52;00:05:45
Alert;00:05:45;00:07:02
SWS-like;00:07:02;00:04:50
Alert;00:04:50;00:07:39
Active;00:07:39;00:00:32
Alert;00:00:32;00:11:04
QOP;00:11:04;00:01:34
Alert;00:01:34;00:40:53
QOP;00:40:53;00:00:22
REM-like;00:00:22;00:00:19
QOP;00:00:19;00:00:18
Alert;00:00:18;00:01:22
QOP;00:01:22;00:00:30
Alert;00:00:30;00:11:10
QOP;00:11:10;00:00:24
Active;00:00:24;00:02:22
Alert;00:02:22;00:22:50
SWS-like;00:22:50;00:03:40
Alert;00:03:40;00:05:12
QOP;00:05:12;00:04:03
Alert;00:04:03;00:01:20
Active;00:01:20;00:02:45
Alert;00:02:45;00:06:10
QOP;00:06:10;00:01:37
Alert;00:01:37;00:13:29
QOP;00:13:29;00:00:54
Active;00:00:54;00:09:08
SWS-like;00:09:08;00:00:32
REM-like;00:00:32;00:00:55
Alert;00:00:55;00:08:05
QOP;00:08:05;00:03:00
Active;00:03:00;00:14:22
QOP;00:14:22;00:03:32
Active;00:03:32;00:05:06
QOP;00:05:06;00:00:20
Alert;00:00:20;00:10:49
QOP;00:10:49;00:00:47
Alert;00:00:47;00:02:42
Active;00:02:42;00:02:42
Alert;00:02:42;00:16:02
QOP;00:16:02;00:03:18
Alert;00:03:18;00:09:39
QOP;00:09:39;00:00:31
REM-like;00:00:31;00:03:13
Alert;00:03:13;00:25:27
QOP;00:25:27;00:02:00
Alert;00:02:00;00:01:58
QHH;00:01:58;00:11:33
Alert;00:11:33;00:00:58
Active;00:00:58;00:14:58
Alert;00:14:58;00:00:21
QHH;00:00:21;01:10:25
Active;01:10:25;00:10:54
Alert;00:10:54;00:00:19
QOP;00:00:19;00:06:44
Alert;00:06:44;00:01:08
QOP;00:01:08;00:00:05
OEM;00:00:05;00:00:24
Alert;00:00:24;00:01:06
REM-like;00:01:06;00:03:44
QOP;00:03:44;00:12:51
Alert;00:12:51;00:00:42
Active;00:00:42;00:05:00
Alert;00:05:00;00:57:00
Active;00:57:00;01:17:30
QOP;01:17:30;00:09:42
Alert;00:09:42;00:00:17
SWS-like;00:00:17;00:02:26
Alert;00:02:26;00:00:47
Active;00:00:47;00:01:18
Alert;00:01:18;00:01:50
QOP;00:01:50;00:00:13
QHH;00:00:13;00:01:35
Alert;00:01:35;00:00:16
QOP;00:00:16;00:00:06
Alert;00:00:06;00:00:30
Active;00:00:30;00:05:36
Alert;00:05:36;00:07:26
Active;00:07:26;00:08:54
QOP;00:08:54;00:05:24
Active;00:05:24;00:03:09
QOP;00:03:09;00:00:51
Alert;00:00:51;00:02:10
QOP;00:02:10;00:19:49
SWS-like;00:19:49;00:07:51
Active;00:07:51;00:05:10
Alert;00:05:10;00:09:26
QOP;00:09:26;00:05:24
SWS-like;00:05:24;00:03:00
Active;00:03:00;00:02:40
Alert;00:02:40;00:00:40
Active;00:00:40;00:33:10
SWS-like;00:33:10;00:00:25
REM-like;00:00:25;00:00:02
SWS-like;00:00:02;00:00:22
Alert;00:00:22;00:07:21
QOP;00:07:21;00:05:40
Alert;00:05:40;00:04:55
Active;00:04:55;00:35:53
SWS-like;00:35:53;00:00:22
REM-like;00:00:22;00:00:10
SWS-like;00:00:10;00:00:30
Alert;00:00:30;00:28:01
SWS-like;00:28:01;00:04:41
Alert;00:04:41;00:00:12
QHH;00:00:12;00:02:16
Alert;00:02:16;00:01:50
Active;00:01:50;00:02:10
Alert;00:02:10;00:02:00
Active;00:02:00;00:08:30
QOP;00:08:30;00:01:10
Alert;00:01:10;00:00:39
QOP;00:00:39;00:00:16
QHH;00:00:16;00:17:10
QOP;00:17:10;00:01:15
Alert;00:01:15;00:07:19
SWS-like;00:07:19;00:00:39
REM-like;00:00:39;00:00:15
Alert;00:00:15;00:05:12
QOP;00:05:12;00:00:16
QHH;00:00:16;00:01:23
QOP;00:01:23;00:00:19
QHH;00:00:19;00:01:17
Alert;00:01:17;00:03:18
QOP;00:03:18;00:00:40
Alert;00:00:40;00:03:52
Active;00:03:52;00:01:39
QOP;00:01:39;00:00:16
QHH;00:00:16;00:00:52
QOP;00:00:52;00:00:22
QHH;00:00:22;00:01:55
QOP;00:01:55;00:00:26
Alert;00:00:26;00:00:10
Active;00:00:10;00:03:20
Alert;00:03:20;00:02:55
QOP;00:02:55;00:02:55
Active;00:02:55;00:11:17
SWS-like;00:11:17;00:02:18
Alert;00:02:18;00:30:45
SWS-like;00:30:45;00:00:20
REM-like;00:00:20;00:00:05
SWS-like;00:00:05;00:00:55
Alert;00:00:55;00:03:41
QOP;00:03:41;00:00:07
QHH;00:00:07;00:07:58
Active;00:07:58;00:05:14
Alert;00:05:14;00:04:43
QOP;00:04:43;00:20:38
Alert;00:20:38;00:00:39
Active;00:00:39;00:23:31
Alert;00:23:31;00:00:08
QHH;00:00:08;00:25:37
Alert;00:25:37;00:00:35
QHH;00:00:35;00:00:06
Alert;00:00:06;00:21:23
Active;00:21:23;00:31:55
Alert;00:31:55;00:05:57
Active;00:05:57;00:00:13
Alert;00:00:13;00:00:07
QHH;00:00:07;00:01:00
Alert;00:01:00;00:01:05
QOP;00:01:05;00:00:08
QHH;00:00:08;00:00:53
QOP;00:00:53;00:00:22
QHH;00:00:22;00:32:30
QOP;00:32:30;00:02:30
Alert;00:02:30;00:05:27
QOP;00:05:27;00:18:33
Alert;00:18:33;00:10:20
QOP;00:10:20;00:01:00
Alert;00:01:00;00:06:04
QOP;00:06:04;00:05:36
Alert;00:05:36;00:20:37
QOP;00:20:37;00:00:12
QHH;00:00:12;00:01:02
QOP;00:01:02;00:00:03
QHH;00:00:03;00:11:34
QOP;00:11:34;00:00:52
REM-like;00:00:52;00:42:40
Alert;00:42:40;00:02:00
QOP;00:02:00;00:04:17
Alert;00:04:17;00:00:14
QHH;00:00:14;00:05:14
QOP;00:05:14;00:00:31
SWS-like;00:00:31;00:05:54
QOP;00:05:54;00:05:50
Alert;00:05:50;00:03:43
QOP;00:03:43;00:00:35
REM-like;00:00:35;00:01:42
Alert;00:01:42;00:10:55
QOP;00:10:55;00:11:46
Alert;00:11:46;00:01:37
QOP;00:01:37;00:00:25
QHH;00:00:25;00:03:17
Alert;00:03:17;00:14:00
QOP;00:14:00;00:01:10
Active;00:01:10;00:01:35
Alert;00:01:35;00:02:55
Active;00:02:55;00:05:12
QOP;00:05:12;00:00:33
Alert;00:00:33;00:03:55
QOP;00:03:55;00:01:10
Alert;00:01:10;00:41:10
SWS-like;00:41:10;00:00:24
REM-like;00:00:24;00:00:36
Alert;00:00:36;00:50:42
SWS-like;00:50:42;00:00:44
QOP;00:00:44;00:04:19
Alert;00:04:19;00:00:34
QHH;00:00:34;00:02:45
Alert;00:02:45;00:00:10
QHH;00:00:10;00:07:22
QOP;00:07:22;00:00:24
QHH;00:00:24;00:00:30
QOP;00:00:30;00:10:11
QHH;00:10:11;00:01:34
Alert;00:01:34;00:03:58
SWS-like;00:03:58;00:00:24
Alert;00:00:24;00:15:04
SWS-like;00:15:04;00:00:17
REM-like;00:00:17;00:01:04
Alert;00:01:04;00:10:01
QOP;00:10:01;00:00:18
Alert;00:00:18;00:05:19
QOP;00:05:19;00:00:14
QHH;00:00:14;00:00:51
Alert;00:00:51;00:06:59
QOP;00:06:59;00:02:01
Alert;00:02:01;00:04:36
SWS-like;00:04:36;00:00:54
Alert;00:00:54;00:22:58
SWS-like;00:22:58;00:00:27
REM-like;00:00:27;00:01:25
Alert;00:01:25;00:15:46
SWS-like;00:15:46;00:02:34
Alert;00:02:34;00:05:56
QOP;00:05:56;00:00:39
Active;00:00:39;00:03:15
Alert;00:03:15;00:02:18
Active;00:02:18;00:01:42
Alert;00:01:42;00:15:02
SWS-like;00:15:02;00:03:54
Alert;00:03:54;00:05:49
SWS-like;00:05:49;00:02:30
Alert;00:02:30;00:00:39
SWS-like;00:00:39;00:00:35
REM-like;00:00:35;00:00:11
Alert;00:00:11;00:19:50
SWS-like;00:19:50;00:10:28
Alert;00:10:28;00:00:58
Active;00:00:58;00:03:04
Alert;00:03:04;00:16:43
Active;00:16:43;00:00:27
QHH;00:00:27;00:03:27
Active;00:03:27;00:00:35
Alert;00:00:35;00:00:20
QHH;00:00:20;00:01:20
Alert;00:01:20;00:00:57
QOP;00:00:57;00:00:03
QHH;00:00:03;00:00:13
SWS-like;00:00:13;00:05:10
QOP;00:05:10;00:07:08
Alert;00:07:08;00:12:55
QOP;00:12:55;01:28:52
Alert;01:28:52;00:00:07
QHH;00:00:07;00:02:05
Alert;00:02:05;00:00:21
QHH;00:00:21;00:08:58
Alert;00:08:58;00:02:51
Active;00:02:51;00:00:27
QHH;00:00:27;00:02:40
QOP;00:02:40;00:04:54
Active;00:04:54;00:05:33
Alert;00:05:33;00:01:46
Active;00:01:46;00:06:58
QOP;00:06:58;00:02:52
Alert;00:02:52;00:01:51
QOP;00:01:51;00:03:59
Alert;00:03:59;00:11:34
QOP;00:11:34;00:49:42
Alert;00:49:42;00:38:20
SWS-like;00:38:20;00:00:31
REM-like;00:00:31;00:05:43
Alert;00:05:43;00:15:12
SWS-like;00:15:12;00:01:23
Alert;00:01:23;00:03:15
Active;00:03:15;00:02:48
Alert;00:02:48;00:11:00
SWS-like;00:11:00;00:06:47
Alert;00:06:47;00:01:35
Active;00:01:35;00:03:02
Alert;00:03:02;00:01:06
Active;00:01:06;00:03:50
Alert;00:03:50;00:07:21
QOP;00:07:21;00:01:29
Active;00:01:29;00:00:28
Alert;00:00:28;00:00:28
Active;00:00:28;00:12:24
Alert;00:12:24;00:15:06
QOP;00:15:06;00:00:37
Alert;00:00:37;00:01:04
QOP;00:01:04;00:00:54
Alert;00:00:54;00:04:30
QOP;00:04:30;00:02:24
Active;00:02:24;00:04:15
QOP;00:04:15;00:01:13
Alert;00:01:13;00:46:47
QOP;00:46:47;00:19:35
SWS-like;00:19:35;00:04:10
Alert;00:04:10;00:00:52
QOP;00:00:52;00:00:37
QHH;00:00:37;00:00:32
QOP;00:00:32;00:00:08
QHH;00:00:08;00:08:04
QOP;00:08:04;00:05:35
Alert;00:05:35;00:19:47
QOP;00:19:47;00:00:39
Alert;00:00:39;00:08:28
QOP;00:08:28;00:00:39
REM-like;00:00:39;00:51:54
SWS-like;00:51:54;00:00:34
REM-like;00:00:34;00:07:26
SWS-like;00:07:26;00:02:14
Alert;00:02:14;00:02:27
Active;00:02:27;00:00:18
QOP;00:00:18;00:00:18
QHH;00:00:18;00:07:19
QOP;00:07:19;00:01:34
Alert;00:01:34;00:34:27
SWS-like;00:34:27;00:00:38
REM-like;00:00:38;00:00:20
QOP;00:00:20;00:13:31
SWS-like;00:13:31;00:03:20
Alert;00:03:20;00:11:48
QOP;00:11:48;00:02:49
Active;00:02:49;00:23:47
QOP;00:23:47;00:40:51cle